id,repo_id,user_id,commit_hash,author_name,author_email,commit_date,message,weekday,hour,additions,deletions,total_changes,year,month,year_month,is_weekend,is_business_hours
1096,4,1,94e1d0f0,Developer Profile,dev@intelligence.platform,2024-09-01 11:50:48.141072+00:00,Update documentation for core module in Customer Churn Propensity Analytics,6,11,91,22,136,2024,9,2024-09,1,0
439,2,1,47a6cd56,Developer Profile,dev@intelligence.platform,2024-09-01 17:29:32.132678+00:00,Update documentation for core module in Deep Timeseries Forecasting,6,17,100,30,30,2024,9,2024-09,1,0
1267,5,1,0b29913a,Developer Profile,dev@intelligence.platform,2024-09-02 11:07:48.143646+00:00,Fix bug in core module in Sql Analytics Templates,0,11,169,13,36,2024,9,2024-09,0,1
1268,5,1,55fe7393,Developer Profile,dev@intelligence.platform,2024-09-03 10:55:43.143646+00:00,Upgrade dependencies for core module in Sql Analytics Templates,1,10,87,14,135,2024,9,2024-09,0,1
1269,5,1,a4b92950,Developer Profile,dev@intelligence.platform,2024-09-03 15:40:54.143646+00:00,Refactor core module in Sql Analytics Templates,1,15,125,28,111,2024,9,2024-09,0,1
1,1,1,b3d7046b,Developer Profile,dev@intelligence.platform,2024-09-04 19:26:13.125680+00:00,Update documentation for core module in Credit Fraud Detection Engine,2,19,83,34,128,2024,9,2024-09,0,0
2,1,1,5c7f55fd,Developer Profile,dev@intelligence.platform,2024-09-04 19:45:33.125680+00:00,Fix bug in core module in Credit Fraud Detection Engine,2,19,137,48,164,2024,9,2024-09,0,0
1270,5,1,8cdce416,Developer Profile,dev@intelligence.platform,2024-09-05 09:52:15.143646+00:00,Add unit tests for core module in Sql Analytics Templates,3,9,176,8,37,2024,9,2024-09,0,1
3,1,1,f0262c14,Developer Profile,dev@intelligence.platform,2024-09-05 21:16:18.125680+00:00,Fix bug in core module in Credit Fraud Detection Engine,3,21,55,13,60,2024,9,2024-09,0,0
4,1,1,8b701cd7,Developer Profile,dev@intelligence.platform,2024-09-07 14:50:51.125680+00:00,Update documentation for core module in Credit Fraud Detection Engine,5,14,169,47,151,2024,9,2024-09,1,0
1097,4,1,9e23a326,Developer Profile,dev@intelligence.platform,2024-09-08 10:55:33.141072+00:00,Optimize core module in Customer Churn Propensity Analytics,6,10,87,44,80,2024,9,2024-09,1,0
440,2,1,efef597d,Developer Profile,dev@intelligence.platform,2024-09-08 11:04:38.132678+00:00,Update documentation for core module in Deep Timeseries Forecasting,6,11,105,10,42,2024,9,2024-09,1,0
441,2,1,82f1191c,Developer Profile,dev@intelligence.platform,2024-09-08 15:45:22.132678+00:00,Fix bug in core module in Deep Timeseries Forecasting,6,15,28,53,194,2024,9,2024-09,1,0
442,2,1,9c812553,Developer Profile,dev@intelligence.platform,2024-09-09 19:03:12.132678+00:00,Update documentation for core module in Deep Timeseries Forecasting,0,19,123,43,230,2024,9,2024-09,0,0
443,2,1,81832148,Developer Profile,dev@intelligence.platform,2024-09-09 22:54:45.132678+00:00,Fix bug in core module in Deep Timeseries Forecasting,0,22,28,60,230,2024,9,2024-09,0,0
444,2,1,9cbd9bdd,Developer Profile,dev@intelligence.platform,2024-09-10 09:08:15.132678+00:00,Benchmark core module in Deep Timeseries Forecasting,1,9,33,27,211,2024,9,2024-09,0,1
445,2,1,ef899c43,Developer Profile,dev@intelligence.platform,2024-09-10 14:56:47.132678+00:00,Upgrade dependencies for core module in Deep Timeseries Forecasting,1,14,163,55,70,2024,9,2024-09,0,1
879,3,1,395d540e,Developer Profile,dev@intelligence.platform,2024-09-10 19:40:13.138678+00:00,Implement core module in Clinical Nlp Pipeline,1,19,155,52,161,2024,9,2024-09,0,0
5,1,1,64c5fe7c,Developer Profile,dev@intelligence.platform,2024-09-11 11:14:04.125680+00:00,Implement core module in Credit Fraud Detection Engine,2,11,72,32,176,2024,9,2024-09,0,1
446,2,1,5259f141,Developer Profile,dev@intelligence.platform,2024-09-11 16:28:53.132678+00:00,Optimize core module in Deep Timeseries Forecasting,2,16,122,38,197,2024,9,2024-09,0,1
6,1,1,8527be14,Developer Profile,dev@intelligence.platform,2024-09-12 09:41:54.125680+00:00,Optimize core module in Credit Fraud Detection Engine,3,9,51,19,234,2024,9,2024-09,0,1
447,2,1,01271f4d,Developer Profile,dev@intelligence.platform,2024-09-12 15:49:25.132678+00:00,Benchmark core module in Deep Timeseries Forecasting,3,15,36,3,212,2024,9,2024-09,0,1
880,3,1,01246495,Developer Profile,dev@intelligence.platform,2024-09-13 22:23:50.138678+00:00,Optimize core module in Clinical Nlp Pipeline,4,22,69,11,90,2024,9,2024-09,0,0
448,2,1,07bda19a,Developer Profile,dev@intelligence.platform,2024-09-13 22:47:18.132678+00:00,Benchmark core module in Deep Timeseries Forecasting,4,22,46,7,175,2024,9,2024-09,0,0
449,2,1,f9e75baa,Developer Profile,dev@intelligence.platform,2024-09-14 15:17:10.132678+00:00,Implement core module in Deep Timeseries Forecasting,5,15,135,35,154,2024,9,2024-09,1,0
1271,5,1,b0f51e61,Developer Profile,dev@intelligence.platform,2024-09-14 22:53:39.143646+00:00,Benchmark core module in Sql Analytics Templates,5,22,33,23,65,2024,9,2024-09,1,0
1098,4,1,4d0a9264,Developer Profile,dev@intelligence.platform,2024-09-15 19:55:32.141072+00:00,Fix bug in core module in Customer Churn Propensity Analytics,6,19,51,38,80,2024,9,2024-09,1,0
881,3,1,8d8a4005,Developer Profile,dev@intelligence.platform,2024-09-15 22:39:40.138678+00:00,Refactor core module in Clinical Nlp Pipeline,6,22,24,12,204,2024,9,2024-09,1,0
450,2,1,433b7e27,Developer Profile,dev@intelligence.platform,2024-09-16 11:38:54.132678+00:00,Update documentation for core module in Deep Timeseries Forecasting,0,11,58,60,224,2024,9,2024-09,0,1
451,2,1,775c0949,Developer Profile,dev@intelligence.platform,2024-09-18 16:02:25.132678+00:00,Refactor core module in Deep Timeseries Forecasting,2,16,70,25,34,2024,9,2024-09,0,1
1272,5,1,d1bb81f5,Developer Profile,dev@intelligence.platform,2024-09-19 11:30:28.143646+00:00,Add unit tests for core module in Sql Analytics Templates,3,11,61,3,112,2024,9,2024-09,0,1
7,1,1,ecf4ea69,Developer Profile,dev@intelligence.platform,2024-09-19 11:49:29.125680+00:00,Optimize core module in Credit Fraud Detection Engine,3,11,177,41,85,2024,9,2024-09,0,1
882,3,1,9770c9f7,Developer Profile,dev@intelligence.platform,2024-09-19 15:02:21.138678+00:00,Benchmark core module in Clinical Nlp Pipeline,3,15,29,16,41,2024,9,2024-09,0,1
883,3,1,5c2a8e42,Developer Profile,dev@intelligence.platform,2024-09-19 19:16:53.138678+00:00,Add unit tests for core module in Clinical Nlp Pipeline,3,19,85,5,212,2024,9,2024-09,0,0
884,3,1,4e4afe7c,Developer Profile,dev@intelligence.platform,2024-09-20 10:14:16.138678+00:00,Add unit tests for core module in Clinical Nlp Pipeline,4,10,42,58,106,2024,9,2024-09,0,1
452,2,1,6510740a,Developer Profile,dev@intelligence.platform,2024-09-20 15:38:12.132678+00:00,Fix bug in core module in Deep Timeseries Forecasting,4,15,158,6,36,2024,9,2024-09,0,1
453,2,1,2d7f98b8,Developer Profile,dev@intelligence.platform,2024-09-20 22:20:28.132678+00:00,Implement core module in Deep Timeseries Forecasting,4,22,174,10,234,2024,9,2024-09,0,0
454,2,1,5c62a394,Developer Profile,dev@intelligence.platform,2024-09-20 22:37:44.132678+00:00,Refactor core module in Deep Timeseries Forecasting,4,22,111,32,115,2024,9,2024-09,0,0
8,1,1,33c87583,Developer Profile,dev@intelligence.platform,2024-09-21 14:06:34.125680+00:00,Update documentation for core module in Credit Fraud Detection Engine,5,14,93,58,229,2024,9,2024-09,1,0
885,3,1,f636035b,Developer Profile,dev@intelligence.platform,2024-09-21 14:17:22.138678+00:00,Upgrade dependencies for core module in Clinical Nlp Pipeline,5,14,163,35,86,2024,9,2024-09,1,0
1099,4,1,36d845b9,Developer Profile,dev@intelligence.platform,2024-09-21 21:55:04.141072+00:00,Refactor core module in Customer Churn Propensity Analytics,5,21,84,8,153,2024,9,2024-09,1,0
455,2,1,bfde9c05,Developer Profile,dev@intelligence.platform,2024-09-23 14:49:08.132678+00:00,Upgrade dependencies for core module in Deep Timeseries Forecasting,0,14,154,10,116,2024,9,2024-09,0,1
456,2,1,064ea72e,Developer Profile,dev@intelligence.platform,2024-09-23 17:25:16.132678+00:00,Add unit tests for core module in Deep Timeseries Forecasting,0,17,164,7,74,2024,9,2024-09,0,1
886,3,1,b6367d51,Developer Profile,dev@intelligence.platform,2024-09-24 19:15:08.138678+00:00,Benchmark core module in Clinical Nlp Pipeline,1,19,34,32,120,2024,9,2024-09,0,0
1100,4,1,6f7ae722,Developer Profile,dev@intelligence.platform,2024-09-24 19:25:29.141072+00:00,Benchmark core module in Customer Churn Propensity Analytics,1,19,100,34,94,2024,9,2024-09,0,0
457,2,1,6ae3b3ca,Developer Profile,dev@intelligence.platform,2024-09-24 22:56:12.132678+00:00,Refactor core module in Deep Timeseries Forecasting,1,22,88,53,99,2024,9,2024-09,0,0
1101,4,1,e0a4ecce,Developer Profile,dev@intelligence.platform,2024-09-25 11:34:10.141072+00:00,Refactor core module in Customer Churn Propensity Analytics,2,11,147,14,127,2024,9,2024-09,0,1
887,3,1,e5178a32,Developer Profile,dev@intelligence.platform,2024-09-25 22:55:44.138678+00:00,Implement core module in Clinical Nlp Pipeline,2,22,71,9,167,2024,9,2024-09,0,0
888,3,1,37d6e456,Developer Profile,dev@intelligence.platform,2024-09-26 09:31:16.138678+00:00,Upgrade dependencies for core module in Clinical Nlp Pipeline,3,9,141,12,191,2024,9,2024-09,0,1
458,2,1,ad82caaf,Developer Profile,dev@intelligence.platform,2024-09-26 10:16:37.132678+00:00,Fix bug in core module in Deep Timeseries Forecasting,3,10,89,25,76,2024,9,2024-09,0,1
459,2,1,db1b9b7a,Developer Profile,dev@intelligence.platform,2024-09-26 11:33:43.132678+00:00,Benchmark core module in Deep Timeseries Forecasting,3,11,178,15,143,2024,9,2024-09,0,1
9,1,1,794010a3,Developer Profile,dev@intelligence.platform,2024-09-27 19:39:56.125680+00:00,Add unit tests for core module in Credit Fraud Detection Engine,4,19,147,31,96,2024,9,2024-09,0,0
460,2,1,d7962304,Developer Profile,dev@intelligence.platform,2024-09-28 15:19:05.132678+00:00,Upgrade dependencies for core module in Deep Timeseries Forecasting,5,15,75,8,36,2024,9,2024-09,1,0
461,2,1,86c34d60,Developer Profile,dev@intelligence.platform,2024-09-28 16:16:14.132678+00:00,Add unit tests for core module in Deep Timeseries Forecasting,5,16,61,55,117,2024,9,2024-09,1,0
1273,5,1,45e1d2e0,Developer Profile,dev@intelligence.platform,2024-10-01 14:23:36.143646+00:00,Update documentation for core module in Sql Analytics Templates,1,14,120,56,154,2024,10,2024-10,0,1
462,2,1,ce2ea60d,Developer Profile,dev@intelligence.platform,2024-10-01 15:31:45.132678+00:00,Add unit tests for core module in Deep Timeseries Forecasting,1,15,74,5,89,2024,10,2024-10,0,1
1102,4,1,a719dfa3,Developer Profile,dev@intelligence.platform,2024-10-01 16:55:19.141072+00:00,Optimize core module in Customer Churn Propensity Analytics,1,16,96,30,94,2024,10,2024-10,0,1
889,3,1,327d0938,Developer Profile,dev@intelligence.platform,2024-10-02 09:43:43.138678+00:00,Add unit tests for core module in Clinical Nlp Pipeline,2,9,166,22,195,2024,10,2024-10,0,1
10,1,1,b0af4641,Developer Profile,dev@intelligence.platform,2024-10-03 14:07:26.125680+00:00,Add unit tests for core module in Credit Fraud Detection Engine,3,14,96,42,38,2024,10,2024-10,0,1
890,3,1,cc58903a,Developer Profile,dev@intelligence.platform,2024-10-03 19:41:03.138678+00:00,Update documentation for core module in Clinical Nlp Pipeline,3,19,165,31,56,2024,10,2024-10,0,0
891,3,1,29ca6ae8,Developer Profile,dev@intelligence.platform,2024-10-05 15:14:44.138678+00:00,Refactor core module in Clinical Nlp Pipeline,5,15,125,49,160,2024,10,2024-10,1,0
11,1,1,d447c4cf,Developer Profile,dev@intelligence.platform,2024-10-06 16:17:41.125680+00:00,Benchmark core module in Credit Fraud Detection Engine,6,16,28,9,220,2024,10,2024-10,1,0
1274,5,1,4638d9e0,Developer Profile,dev@intelligence.platform,2024-10-07 14:16:34.143646+00:00,Update documentation for core module in Sql Analytics Templates,0,14,58,11,27,2024,10,2024-10,0,1
1275,5,1,3c4510a6,Developer Profile,dev@intelligence.platform,2024-10-07 21:35:26.143646+00:00,Add unit tests for core module in Sql Analytics Templates,0,21,122,7,148,2024,10,2024-10,0,0
12,1,1,cfab289c,Developer Profile,dev@intelligence.platform,2024-10-09 10:14:32.125680+00:00,Update documentation for core module in Credit Fraud Detection Engine,2,10,108,56,49,2024,10,2024-10,0,1
463,2,1,e3278e89,Developer Profile,dev@intelligence.platform,2024-10-09 14:04:45.132678+00:00,Fix bug in core module in Deep Timeseries Forecasting,2,14,46,47,145,2024,10,2024-10,0,1
13,1,1,c4ac4698,Developer Profile,dev@intelligence.platform,2024-10-10 10:53:08.125680+00:00,Fix bug in core module in Credit Fraud Detection Engine,3,10,79,23,41,2024,10,2024-10,0,1
464,2,1,3887f331,Developer Profile,dev@intelligence.platform,2024-10-10 17:27:57.132678+00:00,Implement core module in Deep Timeseries Forecasting,3,17,45,43,68,2024,10,2024-10,0,1
1103,4,1,ab7e9836,Developer Profile,dev@intelligence.platform,2024-10-10 19:00:46.141072+00:00,Optimize core module in Customer Churn Propensity Analytics,3,19,170,40,108,2024,10,2024-10,0,0
465,2,1,511a336e,Developer Profile,dev@intelligence.platform,2024-10-10 19:48:55.132678+00:00,Upgrade dependencies for core module in Deep Timeseries Forecasting,3,19,94,44,58,2024,10,2024-10,0,0
466,2,1,a9567071,Developer Profile,dev@intelligence.platform,2024-10-10 22:53:51.132678+00:00,Fix bug in core module in Deep Timeseries Forecasting,3,22,31,38,81,2024,10,2024-10,0,0
1276,5,1,df1460ba,Developer Profile,dev@intelligence.platform,2024-10-11 16:17:56.143646+00:00,Fix bug in core module in Sql Analytics Templates,4,16,33,59,36,2024,10,2024-10,0,1
14,1,1,5562a983,Developer Profile,dev@intelligence.platform,2024-10-12 19:50:45.125680+00:00,Benchmark core module in Credit Fraud Detection Engine,5,19,154,53,65,2024,10,2024-10,1,0
892,3,1,28d73959,Developer Profile,dev@intelligence.platform,2024-10-12 21:46:48.138678+00:00,Fix bug in core module in Clinical Nlp Pipeline,5,21,101,51,175,2024,10,2024-10,1,0
467,2,1,e7cf8be3,Developer Profile,dev@intelligence.platform,2024-10-12 21:55:37.132678+00:00,Update documentation for core module in Deep Timeseries Forecasting,5,21,125,16,115,2024,10,2024-10,1,0
15,1,1,064ec69b,Developer Profile,dev@intelligence.platform,2024-10-12 22:58:11.125680+00:00,Fix bug in core module in Credit Fraud Detection Engine,5,22,89,60,203,2024,10,2024-10,1,0
468,2,1,7f6e094e,Developer Profile,dev@intelligence.platform,2024-10-13 10:15:55.132678+00:00,Upgrade dependencies for core module in Deep Timeseries Forecasting,6,10,110,12,17,2024,10,2024-10,1,0
1104,4,1,f760cf38,Developer Profile,dev@intelligence.platform,2024-10-14 09:28:08.141072+00:00,Refactor core module in Customer Churn Propensity Analytics,0,9,123,7,97,2024,10,2024-10,0,1
1277,5,1,5e06c98f,Developer Profile,dev@intelligence.platform,2024-10-14 10:05:49.143646+00:00,Benchmark core module in Sql Analytics Templates,0,10,146,31,231,2024,10,2024-10,0,1
469,2,1,4f3617e6,Developer Profile,dev@intelligence.platform,2024-10-15 10:55:36.132678+00:00,Add unit tests for core module in Deep Timeseries Forecasting,1,10,63,5,110,2024,10,2024-10,0,1
16,1,1,20ed6ea0,Developer Profile,dev@intelligence.platform,2024-10-15 14:22:15.125680+00:00,Fix bug in core module in Credit Fraud Detection Engine,1,14,44,11,46,2024,10,2024-10,0,1
1278,5,1,1755dfd1,Developer Profile,dev@intelligence.platform,2024-10-15 21:14:09.143646+00:00,Optimize core module in Sql Analytics Templates,1,21,86,23,177,2024,10,2024-10,0,0
17,1,1,e1cdf4b6,Developer Profile,dev@intelligence.platform,2024-10-16 09:07:32.125680+00:00,Add unit tests for core module in Credit Fraud Detection Engine,2,9,116,19,182,2024,10,2024-10,0,1
18,1,1,c19823a5,Developer Profile,dev@intelligence.platform,2024-10-16 10:14:31.125680+00:00,Benchmark core module in Credit Fraud Detection Engine,2,10,69,11,136,2024,10,2024-10,0,1
1279,5,1,0715e8e7,Developer Profile,dev@intelligence.platform,2024-10-16 22:10:46.143646+00:00,Add unit tests for core module in Sql Analytics Templates,2,22,108,19,170,2024,10,2024-10,0,0
1280,5,1,bf2b76a6,Developer Profile,dev@intelligence.platform,2024-10-17 15:16:52.143646+00:00,Add unit tests for core module in Sql Analytics Templates,3,15,179,30,49,2024,10,2024-10,0,1
19,1,1,b4735595,Developer Profile,dev@intelligence.platform,2024-10-18 10:47:54.125680+00:00,Fix bug in core module in Credit Fraud Detection Engine,4,10,11,7,149,2024,10,2024-10,0,1
893,3,1,527805c8,Developer Profile,dev@intelligence.platform,2024-10-18 14:13:11.138678+00:00,Update documentation for core module in Clinical Nlp Pipeline,4,14,147,15,42,2024,10,2024-10,0,1
1281,5,1,3df6f2ef,Developer Profile,dev@intelligence.platform,2024-10-18 19:25:32.143646+00:00,Upgrade dependencies for core module in Sql Analytics Templates,4,19,58,39,36,2024,10,2024-10,0,0
470,2,1,a6c111cd,Developer Profile,dev@intelligence.platform,2024-10-19 09:09:20.132678+00:00,Optimize core module in Deep Timeseries Forecasting,5,9,41,40,214,2024,10,2024-10,1,0
1282,5,1,4098e054,Developer Profile,dev@intelligence.platform,2024-10-19 09:43:39.143646+00:00,Refactor core module in Sql Analytics Templates,5,9,12,40,153,2024,10,2024-10,1,0
1105,4,1,921c20bd,Developer Profile,dev@intelligence.platform,2024-10-19 14:18:20.141072+00:00,Fix bug in core module in Customer Churn Propensity Analytics,5,14,110,26,85,2024,10,2024-10,1,0
894,3,1,c75cbe88,Developer Profile,dev@intelligence.platform,2024-10-19 21:30:38.138678+00:00,Optimize core module in Clinical Nlp Pipeline,5,21,116,7,120,2024,10,2024-10,1,0
20,1,1,a82d3933,Developer Profile,dev@intelligence.platform,2024-10-20 22:58:33.125680+00:00,Upgrade dependencies for core module in Credit Fraud Detection Engine,6,22,18,22,238,2024,10,2024-10,1,0
21,1,1,10e9d180,Developer Profile,dev@intelligence.platform,2024-10-21 15:22:13.125680+00:00,Refactor core module in Credit Fraud Detection Engine,0,15,147,40,105,2024,10,2024-10,0,1
895,3,1,886ced28,Developer Profile,dev@intelligence.platform,2024-10-22 11:44:02.138678+00:00,Refactor core module in Clinical Nlp Pipeline,1,11,153,39,74,2024,10,2024-10,0,1
22,1,1,701e6076,Developer Profile,dev@intelligence.platform,2024-10-22 17:36:44.125680+00:00,Upgrade dependencies for core module in Credit Fraud Detection Engine,1,17,100,5,173,2024,10,2024-10,0,1
896,3,1,9eb1e1b1,Developer Profile,dev@intelligence.platform,2024-10-22 22:38:43.138678+00:00,Upgrade dependencies for core module in Clinical Nlp Pipeline,1,22,99,46,190,2024,10,2024-10,0,0
471,2,1,4bd47675,Developer Profile,dev@intelligence.platform,2024-10-23 09:07:00.132678+00:00,Fix bug in core module in Deep Timeseries Forecasting,2,9,109,38,237,2024,10,2024-10,0,1
472,2,1,e5c86b2a,Developer Profile,dev@intelligence.platform,2024-10-23 16:24:51.132678+00:00,Upgrade dependencies for core module in Deep Timeseries Forecasting,2,16,91,44,100,2024,10,2024-10,0,1
897,3,1,cdb73265,Developer Profile,dev@intelligence.platform,2024-10-23 19:29:52.138678+00:00,Implement core module in Clinical Nlp Pipeline,2,19,55,43,96,2024,10,2024-10,0,0
23,1,1,46a86201,Developer Profile,dev@intelligence.platform,2024-10-23 19:36:14.125680+00:00,Fix bug in core module in Credit Fraud Detection Engine,2,19,113,22,200,2024,10,2024-10,0,0
473,2,1,d81e3fbf,Developer Profile,dev@intelligence.platform,2024-10-23 21:50:51.132678+00:00,Optimize core module in Deep Timeseries Forecasting,2,21,90,41,55,2024,10,2024-10,0,0
24,1,1,070e5820,Developer Profile,dev@intelligence.platform,2024-10-24 09:26:28.125680+00:00,Add unit tests for core module in Credit Fraud Detection Engine,3,9,23,44,154,2024,10,2024-10,0,1
25,1,1,a6474f57,Developer Profile,dev@intelligence.platform,2024-10-24 14:43:58.125680+00:00,Implement core module in Credit Fraud Detection Engine,3,14,109,21,148,2024,10,2024-10,0,1
1106,4,1,e1c20bf8,Developer Profile,dev@intelligence.platform,2024-10-25 10:29:06.141072+00:00,Implement core module in Customer Churn Propensity Analytics,4,10,174,31,134,2024,10,2024-10,0,1
1283,5,1,9f0306ef,Developer Profile,dev@intelligence.platform,2024-10-26 14:50:07.143646+00:00,Add unit tests for core module in Sql Analytics Templates,5,14,32,19,29,2024,10,2024-10,1,0
1284,5,1,ea4588d5,Developer Profile,dev@intelligence.platform,2024-10-26 15:18:39.143646+00:00,Upgrade dependencies for core module in Sql Analytics Templates,5,15,45,30,105,2024,10,2024-10,1,0
26,1,1,dc2d06b9,Developer Profile,dev@intelligence.platform,2024-10-26 15:46:40.125680+00:00,Update documentation for core module in Credit Fraud Detection Engine,5,15,99,51,224,2024,10,2024-10,1,0
474,2,1,802b8635,Developer Profile,dev@intelligence.platform,2024-10-26 17:16:24.132678+00:00,Refactor core module in Deep Timeseries Forecasting,5,17,59,51,127,2024,10,2024-10,1,0
898,3,1,f3fe08bb,Developer Profile,dev@intelligence.platform,2024-10-27 15:26:57.138678+00:00,Refactor core module in Clinical Nlp Pipeline,6,15,49,37,194,2024,10,2024-10,1,0
475,2,1,0a89993e,Developer Profile,dev@intelligence.platform,2024-10-27 19:32:09.132678+00:00,Add unit tests for core module in Deep Timeseries Forecasting,6,19,27,40,232,2024,10,2024-10,1,0
27,1,1,abdb91fa,Developer Profile,dev@intelligence.platform,2024-10-27 21:14:12.125680+00:00,Refactor core module in Credit Fraud Detection Engine,6,21,29,53,54,2024,10,2024-10,1,0
1107,4,1,e25e4be3,Developer Profile,dev@intelligence.platform,2024-11-01 14:20:26.141072+00:00,Update documentation for core module in Customer Churn Propensity Analytics,4,14,169,43,184,2024,11,2024-11,0,1
899,3,1,9a35d66f,Developer Profile,dev@intelligence.platform,2024-11-01 15:51:59.138678+00:00,Upgrade dependencies for core module in Clinical Nlp Pipeline,4,15,148,29,16,2024,11,2024-11,0,1
1108,4,1,55dabd28,Developer Profile,dev@intelligence.platform,2024-11-02 09:08:49.141072+00:00,Upgrade dependencies for core module in Customer Churn Propensity Analytics,5,9,134,36,125,2024,11,2024-11,1,0
476,2,1,a5c7fabb,Developer Profile,dev@intelligence.platform,2024-11-04 09:00:43.132678+00:00,Add unit tests for core module in Deep Timeseries Forecasting,0,9,84,40,31,2024,11,2024-11,0,1
28,1,1,91aee7e1,Developer Profile,dev@intelligence.platform,2024-11-04 09:39:00.125680+00:00,Update documentation for core module in Credit Fraud Detection Engine,0,9,113,31,180,2024,11,2024-11,0,1
1109,4,1,0bb0e744,Developer Profile,dev@intelligence.platform,2024-11-04 17:34:19.141072+00:00,Optimize core module in Customer Churn Propensity Analytics,0,17,67,48,230,2024,11,2024-11,0,1
477,2,1,5c92f0c3,Developer Profile,dev@intelligence.platform,2024-11-06 09:39:44.132678+00:00,Add unit tests for core module in Deep Timeseries Forecasting,2,9,62,14,198,2024,11,2024-11,0,1
29,1,1,d633c7a8,Developer Profile,dev@intelligence.platform,2024-11-07 14:36:48.125680+00:00,Benchmark core module in Credit Fraud Detection Engine,3,14,172,23,56,2024,11,2024-11,0,1
1110,4,1,23ad2c15,Developer Profile,dev@intelligence.platform,2024-11-07 17:50:30.141072+00:00,Upgrade dependencies for core module in Customer Churn Propensity Analytics,3,17,144,30,166,2024,11,2024-11,0,1
478,2,1,5cea1ffc,Developer Profile,dev@intelligence.platform,2024-11-08 10:46:12.132678+00:00,Add unit tests for core module in Deep Timeseries Forecasting,4,10,21,45,235,2024,11,2024-11,0,1
900,3,1,1da80345,Developer Profile,dev@intelligence.platform,2024-11-08 14:33:36.138678+00:00,Optimize core module in Clinical Nlp Pipeline,4,14,119,49,27,2024,11,2024-11,0,1
1285,5,1,69e9a06a,Developer Profile,dev@intelligence.platform,2024-11-09 10:39:34.143646+00:00,Benchmark core module in Sql Analytics Templates,5,10,133,28,142,2024,11,2024-11,1,0
901,3,1,3bdf52d0,Developer Profile,dev@intelligence.platform,2024-11-11 15:31:24.138678+00:00,Fix bug in core module in Clinical Nlp Pipeline,0,15,52,58,211,2024,11,2024-11,0,1
1111,4,1,0a68e75c,Developer Profile,dev@intelligence.platform,2024-11-12 11:14:42.141072+00:00,Implement core module in Customer Churn Propensity Analytics,1,11,161,53,138,2024,11,2024-11,0,1
479,2,1,6e87c4aa,Developer Profile,dev@intelligence.platform,2024-11-15 14:31:27.132678+00:00,Upgrade dependencies for core module in Deep Timeseries Forecasting,4,14,31,56,75,2024,11,2024-11,0,1
480,2,1,10a784c3,Developer Profile,dev@intelligence.platform,2024-11-15 15:39:27.132678+00:00,Upgrade dependencies for core module in Deep Timeseries Forecasting,4,15,176,30,234,2024,11,2024-11,0,1
1286,5,1,9c9d298d,Developer Profile,dev@intelligence.platform,2024-11-15 15:43:37.143646+00:00,Add unit tests for core module in Sql Analytics Templates,4,15,109,50,198,2024,11,2024-11,0,1
30,1,1,1a33b91b,Developer Profile,dev@intelligence.platform,2024-11-15 15:55:57.125680+00:00,Benchmark core module in Credit Fraud Detection Engine,4,15,72,6,170,2024,11,2024-11,0,1
31,1,1,5dfca81b,Developer Profile,dev@intelligence.platform,2024-11-15 15:59:36.125680+00:00,Refactor core module in Credit Fraud Detection Engine,4,15,41,52,99,2024,11,2024-11,0,1
32,1,1,fbb8cda0,Developer Profile,dev@intelligence.platform,2024-11-15 17:37:21.125680+00:00,Fix bug in core module in Credit Fraud Detection Engine,4,17,42,16,237,2024,11,2024-11,0,1
33,1,1,2aa9dfb6,Developer Profile,dev@intelligence.platform,2024-11-15 22:19:25.125680+00:00,Upgrade dependencies for core module in Credit Fraud Detection Engine,4,22,19,26,192,2024,11,2024-11,0,0
1287,5,1,427fa6a5,Developer Profile,dev@intelligence.platform,2024-11-16 09:22:06.143646+00:00,Add unit tests for core module in Sql Analytics Templates,5,9,93,22,126,2024,11,2024-11,1,0
1288,5,1,7066e906,Developer Profile,dev@intelligence.platform,2024-11-16 09:46:22.143646+00:00,Add unit tests for core module in Sql Analytics Templates,5,9,36,27,55,2024,11,2024-11,1,0
481,2,1,1cb3b5c0,Developer Profile,dev@intelligence.platform,2024-11-17 15:16:47.132678+00:00,Implement core module in Deep Timeseries Forecasting,6,15,171,34,23,2024,11,2024-11,1,0
902,3,1,97b959ae,Developer Profile,dev@intelligence.platform,2024-11-17 15:23:29.138678+00:00,Fix bug in core module in Clinical Nlp Pipeline,6,15,55,58,202,2024,11,2024-11,1,0
482,2,1,86756ba7,Developer Profile,dev@intelligence.platform,2024-11-17 19:09:17.132678+00:00,Refactor core module in Deep Timeseries Forecasting,6,19,130,60,61,2024,11,2024-11,1,0
34,1,1,41ccb34a,Developer Profile,dev@intelligence.platform,2024-11-18 11:06:19.125680+00:00,Fix bug in core module in Credit Fraud Detection Engine,0,11,95,9,85,2024,11,2024-11,0,1
1289,5,1,6fa60254,Developer Profile,dev@intelligence.platform,2024-11-19 11:32:57.143646+00:00,Upgrade dependencies for core module in Sql Analytics Templates,1,11,123,60,50,2024,11,2024-11,0,1
1112,4,1,2ede7f6a,Developer Profile,dev@intelligence.platform,2024-11-19 21:16:13.141072+00:00,Implement core module in Customer Churn Propensity Analytics,1,21,84,21,239,2024,11,2024-11,0,0
483,2,1,ccb5d55c,Developer Profile,dev@intelligence.platform,2024-11-20 11:33:44.132678+00:00,Optimize core module in Deep Timeseries Forecasting,2,11,137,43,120,2024,11,2024-11,0,1
35,1,1,479f21e9,Developer Profile,dev@intelligence.platform,2024-11-21 14:16:24.125680+00:00,Add unit tests for core module in Credit Fraud Detection Engine,3,14,108,10,19,2024,11,2024-11,0,1
36,1,1,53739828,Developer Profile,dev@intelligence.platform,2024-11-21 15:27:34.125680+00:00,Refactor core module in Credit Fraud Detection Engine,3,15,44,20,45,2024,11,2024-11,0,1
484,2,1,a6b5ec8b,Developer Profile,dev@intelligence.platform,2024-11-22 09:43:39.132678+00:00,Optimize core module in Deep Timeseries Forecasting,4,9,76,21,234,2024,11,2024-11,0,1
1113,4,1,0ad3cc09,Developer Profile,dev@intelligence.platform,2024-11-22 21:49:37.141072+00:00,Add unit tests for core module in Customer Churn Propensity Analytics,4,21,33,38,197,2024,11,2024-11,0,0
1114,4,1,339146ff,Developer Profile,dev@intelligence.platform,2024-11-23 17:25:56.141072+00:00,Benchmark core module in Customer Churn Propensity Analytics,5,17,67,11,160,2024,11,2024-11,1,0
1290,5,1,a13e5336,Developer Profile,dev@intelligence.platform,2024-11-23 22:12:07.143646+00:00,Update documentation for core module in Sql Analytics Templates,5,22,83,16,125,2024,11,2024-11,1,0
903,3,1,cd6d30af,Developer Profile,dev@intelligence.platform,2024-11-24 15:52:06.138678+00:00,Update documentation for core module in Clinical Nlp Pipeline,6,15,57,52,169,2024,11,2024-11,1,0
485,2,1,80948217,Developer Profile,dev@intelligence.platform,2024-11-25 14:26:36.132678+00:00,Update documentation for core module in Deep Timeseries Forecasting,0,14,18,42,133,2024,11,2024-11,0,1
1115,4,1,9a001d94,Developer Profile,dev@intelligence.platform,2024-11-25 21:02:14.141072+00:00,Implement core module in Customer Churn Propensity Analytics,0,21,130,37,105,2024,11,2024-11,0,0
37,1,1,5263397f,Developer Profile,dev@intelligence.platform,2024-11-25 22:14:50.125680+00:00,Update documentation for core module in Credit Fraud Detection Engine,0,22,53,47,40,2024,11,2024-11,0,0
38,1,1,5a7b01ef,Developer Profile,dev@intelligence.platform,2024-11-26 22:38:40.125680+00:00,Optimize core module in Credit Fraud Detection Engine,1,22,158,56,22,2024,11,2024-11,0,0
39,1,1,788aa350,Developer Profile,dev@intelligence.platform,2024-11-27 09:10:41.125680+00:00,Optimize core module in Credit Fraud Detection Engine,2,9,80,9,123,2024,11,2024-11,0,1
40,1,1,e233ae32,Developer Profile,dev@intelligence.platform,2024-11-27 17:28:32.125680+00:00,Add unit tests for core module in Credit Fraud Detection Engine,2,17,120,30,32,2024,11,2024-11,0,1
41,1,1,229e1d94,Developer Profile,dev@intelligence.platform,2024-11-28 09:54:55.125680+00:00,Upgrade dependencies for core module in Credit Fraud Detection Engine,3,9,122,33,192,2024,11,2024-11,0,1
1116,4,1,9a067c60,Developer Profile,dev@intelligence.platform,2024-12-01 15:45:05.141072+00:00,Implement core module in Customer Churn Propensity Analytics,6,15,104,43,116,2024,12,2024-12,1,0
486,2,1,88b83dda,Developer Profile,dev@intelligence.platform,2024-12-01 16:42:25.132678+00:00,Refactor core module in Deep Timeseries Forecasting,6,16,40,39,151,2024,12,2024-12,1,0
42,1,1,fd76315c,Developer Profile,dev@intelligence.platform,2024-12-02 15:08:08.125680+00:00,Upgrade dependencies for core module in Credit Fraud Detection Engine,0,15,180,45,84,2024,12,2024-12,0,1
487,2,1,da195bd7,Developer Profile,dev@intelligence.platform,2024-12-02 17:31:51.132678+00:00,Refactor core module in Deep Timeseries Forecasting,0,17,116,57,155,2024,12,2024-12,0,1
43,1,1,1ee18be3,Developer Profile,dev@intelligence.platform,2024-12-02 21:56:21.125680+00:00,Implement core module in Credit Fraud Detection Engine,0,21,153,8,94,2024,12,2024-12,0,0
1117,4,1,99a9a86f,Developer Profile,dev@intelligence.platform,2024-12-03 17:14:57.141072+00:00,Benchmark core module in Customer Churn Propensity Analytics,1,17,38,58,62,2024,12,2024-12,0,1
488,2,1,723e378e,Developer Profile,dev@intelligence.platform,2024-12-04 14:07:50.132678+00:00,Update documentation for core module in Deep Timeseries Forecasting,2,14,168,15,142,2024,12,2024-12,0,1
904,3,1,e9e85599,Developer Profile,dev@intelligence.platform,2024-12-04 19:33:49.138678+00:00,Add unit tests for core module in Clinical Nlp Pipeline,2,19,68,42,31,2024,12,2024-12,0,0
1291,5,1,3b67540b,Developer Profile,dev@intelligence.platform,2024-12-06 10:43:53.143646+00:00,Upgrade dependencies for core module in Sql Analytics Templates,4,10,172,33,162,2024,12,2024-12,0,1
44,1,1,63f26387,Developer Profile,dev@intelligence.platform,2024-12-08 10:14:14.125680+00:00,Optimize core module in Credit Fraud Detection Engine,6,10,23,18,80,2024,12,2024-12,1,0
489,2,1,577ea196,Developer Profile,dev@intelligence.platform,2024-12-08 10:31:42.132678+00:00,Upgrade dependencies for core module in Deep Timeseries Forecasting,6,10,98,55,71,2024,12,2024-12,1,0
1292,5,1,7c821705,Developer Profile,dev@intelligence.platform,2024-12-08 21:29:41.143646+00:00,Add unit tests for core module in Sql Analytics Templates,6,21,123,23,78,2024,12,2024-12,1,0
1118,4,1,c03936d2,Developer Profile,dev@intelligence.platform,2024-12-09 17:12:26.141072+00:00,Fix bug in core module in Customer Churn Propensity Analytics,0,17,93,31,26,2024,12,2024-12,0,1
1119,4,1,8b2f7300,Developer Profile,dev@intelligence.platform,2024-12-09 17:47:52.141072+00:00,Fix bug in core module in Customer Churn Propensity Analytics,0,17,149,2,90,2024,12,2024-12,0,1
1293,5,1,b25eecbd,Developer Profile,dev@intelligence.platform,2024-12-09 19:04:45.143646+00:00,Optimize core module in Sql Analytics Templates,0,19,153,6,171,2024,12,2024-12,0,0
1120,4,1,2dcbe6a2,Developer Profile,dev@intelligence.platform,2024-12-10 17:14:37.141072+00:00,Update documentation for core module in Customer Churn Propensity Analytics,1,17,32,55,156,2024,12,2024-12,0,1
1121,4,1,f67b9cc6,Developer Profile,dev@intelligence.platform,2024-12-10 19:13:03.141072+00:00,Implement core module in Customer Churn Propensity Analytics,1,19,65,56,88,2024,12,2024-12,0,0
45,1,1,48959a17,Developer Profile,dev@intelligence.platform,2024-12-11 09:17:33.125680+00:00,Benchmark core module in Credit Fraud Detection Engine,2,9,140,19,205,2024,12,2024-12,0,1
1122,4,1,66a5a1b9,Developer Profile,dev@intelligence.platform,2024-12-11 10:05:59.141072+00:00,Add unit tests for core module in Customer Churn Propensity Analytics,2,10,53,48,126,2024,12,2024-12,0,1
1123,4,1,08387c6a,Developer Profile,dev@intelligence.platform,2024-12-11 15:25:48.141072+00:00,Add unit tests for core module in Customer Churn Propensity Analytics,2,15,172,49,118,2024,12,2024-12,0,1
905,3,1,4acfa704,Developer Profile,dev@intelligence.platform,2024-12-11 21:11:18.138678+00:00,Update documentation for core module in Clinical Nlp Pipeline,2,21,164,19,152,2024,12,2024-12,0,0
906,3,1,6735ffe1,Developer Profile,dev@intelligence.platform,2024-12-12 09:45:58.138678+00:00,Optimize core module in Clinical Nlp Pipeline,3,9,164,35,128,2024,12,2024-12,0,1
46,1,1,dee4096f,Developer Profile,dev@intelligence.platform,2024-12-12 22:17:31.125680+00:00,Upgrade dependencies for core module in Credit Fraud Detection Engine,3,22,163,50,153,2024,12,2024-12,0,0
907,3,1,4ffb79cc,Developer Profile,dev@intelligence.platform,2024-12-13 10:45:35.138678+00:00,Update documentation for core module in Clinical Nlp Pipeline,4,10,89,32,217,2024,12,2024-12,0,1
490,2,1,449357b9,Developer Profile,dev@intelligence.platform,2024-12-13 16:17:50.132678+00:00,Upgrade dependencies for core module in Deep Timeseries Forecasting,4,16,127,23,46,2024,12,2024-12,0,1
491,2,1,27d64b51,Developer Profile,dev@intelligence.platform,2024-12-13 19:28:13.132678+00:00,Refactor core module in Deep Timeseries Forecasting,4,19,105,45,30,2024,12,2024-12,0,0
492,2,1,168b78b3,Developer Profile,dev@intelligence.platform,2024-12-14 09:28:15.132678+00:00,Upgrade dependencies for core module in Deep Timeseries Forecasting,5,9,69,2,206,2024,12,2024-12,1,0
1294,5,1,ad2a8528,Developer Profile,dev@intelligence.platform,2024-12-14 16:18:40.143646+00:00,Refactor core module in Sql Analytics Templates,5,16,134,27,108,2024,12,2024-12,1,0
908,3,1,b6bfdd90,Developer Profile,dev@intelligence.platform,2024-12-14 16:22:39.138678+00:00,Add unit tests for core module in Clinical Nlp Pipeline,5,16,28,21,17,2024,12,2024-12,1,0
1295,5,1,7e975ced,Developer Profile,dev@intelligence.platform,2024-12-15 10:02:01.143646+00:00,Refactor core module in Sql Analytics Templates,6,10,86,55,37,2024,12,2024-12,1,0
47,1,1,e4cadf44,Developer Profile,dev@intelligence.platform,2024-12-15 11:31:46.125680+00:00,Add unit tests for core module in Credit Fraud Detection Engine,6,11,85,53,227,2024,12,2024-12,1,0
1296,5,1,82a7aac7,Developer Profile,dev@intelligence.platform,2024-12-15 22:11:58.143646+00:00,Refactor core module in Sql Analytics Templates,6,22,15,36,201,2024,12,2024-12,1,0
909,3,1,0d7d5921,Developer Profile,dev@intelligence.platform,2024-12-17 16:37:05.138678+00:00,Refactor core module in Clinical Nlp Pipeline,1,16,50,36,95,2024,12,2024-12,0,1
493,2,1,17c889a5,Developer Profile,dev@intelligence.platform,2024-12-17 17:40:38.132678+00:00,Benchmark core module in Deep Timeseries Forecasting,1,17,125,48,48,2024,12,2024-12,0,1
494,2,1,7a810506,Developer Profile,dev@intelligence.platform,2024-12-18 09:11:13.132678+00:00,Update documentation for core module in Deep Timeseries Forecasting,2,9,11,39,119,2024,12,2024-12,0,1
1124,4,1,b0059c69,Developer Profile,dev@intelligence.platform,2024-12-18 15:36:13.141072+00:00,Add unit tests for core module in Customer Churn Propensity Analytics,2,15,117,48,168,2024,12,2024-12,0,1
495,2,1,36b28b7a,Developer Profile,dev@intelligence.platform,2024-12-18 15:50:35.132678+00:00,Benchmark core module in Deep Timeseries Forecasting,2,15,98,7,29,2024,12,2024-12,0,1
496,2,1,80d8fb9a,Developer Profile,dev@intelligence.platform,2024-12-19 10:57:35.132678+00:00,Benchmark core module in Deep Timeseries Forecasting,3,10,12,46,40,2024,12,2024-12,0,1
497,2,1,1395fe84,Developer Profile,dev@intelligence.platform,2024-12-22 09:48:30.132678+00:00,Update documentation for core module in Deep Timeseries Forecasting,6,9,17,14,137,2024,12,2024-12,1,0
1297,5,1,dd35dda7,Developer Profile,dev@intelligence.platform,2024-12-22 11:15:09.143646+00:00,Upgrade dependencies for core module in Sql Analytics Templates,6,11,41,9,90,2024,12,2024-12,1,0
498,2,1,1219623c,Developer Profile,dev@intelligence.platform,2024-12-22 15:43:00.132678+00:00,Update documentation for core module in Deep Timeseries Forecasting,6,15,77,50,230,2024,12,2024-12,1,0
499,2,1,cc82ecec,Developer Profile,dev@intelligence.platform,2024-12-22 17:16:02.132678+00:00,Optimize core module in Deep Timeseries Forecasting,6,17,170,42,19,2024,12,2024-12,1,0
500,2,1,a88ae5e2,Developer Profile,dev@intelligence.platform,2024-12-22 19:14:10.132678+00:00,Fix bug in core module in Deep Timeseries Forecasting,6,19,84,49,114,2024,12,2024-12,1,0
48,1,1,6bfcb6cc,Developer Profile,dev@intelligence.platform,2024-12-23 11:40:08.125680+00:00,Update documentation for core module in Credit Fraud Detection Engine,0,11,146,59,35,2024,12,2024-12,0,1
501,2,1,e033f06a,Developer Profile,dev@intelligence.platform,2024-12-23 21:28:52.132678+00:00,Benchmark core module in Deep Timeseries Forecasting,0,21,178,25,237,2024,12,2024-12,0,0
502,2,1,1d1441f3,Developer Profile,dev@intelligence.platform,2024-12-23 21:43:33.132678+00:00,Fix bug in core module in Deep Timeseries Forecasting,0,21,34,31,73,2024,12,2024-12,0,0
1298,5,1,9322b28f,Developer Profile,dev@intelligence.platform,2024-12-24 09:30:47.143646+00:00,Optimize core module in Sql Analytics Templates,1,9,57,15,75,2024,12,2024-12,0,1
49,1,1,d87c3677,Developer Profile,dev@intelligence.platform,2024-12-24 22:25:32.125680+00:00,Optimize core module in Credit Fraud Detection Engine,1,22,72,28,56,2024,12,2024-12,0,0
503,2,1,b40dc69c,Developer Profile,dev@intelligence.platform,2024-12-25 14:18:06.132678+00:00,Add unit tests for core module in Deep Timeseries Forecasting,2,14,29,12,102,2024,12,2024-12,0,1
504,2,1,a1d84e4c,Developer Profile,dev@intelligence.platform,2024-12-25 16:53:34.132678+00:00,Update documentation for core module in Deep Timeseries Forecasting,2,16,12,20,86,2024,12,2024-12,0,1
910,3,1,0fd8c14e,Developer Profile,dev@intelligence.platform,2024-12-25 19:52:43.138678+00:00,Implement core module in Clinical Nlp Pipeline,2,19,50,5,222,2024,12,2024-12,0,0
1299,5,1,6fe34fe1,Developer Profile,dev@intelligence.platform,2024-12-26 16:22:31.143646+00:00,Implement core module in Sql Analytics Templates,3,16,38,56,167,2024,12,2024-12,0,1
505,2,1,cfe8c920,Developer Profile,dev@intelligence.platform,2024-12-26 21:16:33.132678+00:00,Benchmark core module in Deep Timeseries Forecasting,3,21,56,56,197,2024,12,2024-12,0,0
1300,5,1,46747fa8,Developer Profile,dev@intelligence.platform,2024-12-28 16:59:34.143646+00:00,Fix bug in core module in Sql Analytics Templates,5,16,112,30,125,2024,12,2024-12,1,0
1125,4,1,d0339fbf,Developer Profile,dev@intelligence.platform,2024-12-28 21:27:47.141072+00:00,Refactor core module in Customer Churn Propensity Analytics,5,21,107,4,79,2024,12,2024-12,1,0
50,1,1,e404a9fa,Developer Profile,dev@intelligence.platform,2024-12-28 21:51:42.125680+00:00,Implement core module in Credit Fraud Detection Engine,5,21,45,13,67,2024,12,2024-12,1,0
51,1,1,1f6388c4,Developer Profile,dev@intelligence.platform,2025-01-01 16:08:24.125680+00:00,Fix bug in core module in Credit Fraud Detection Engine,2,16,171,14,178,2025,1,2025-01,0,1
52,1,1,d9d659e1,Developer Profile,dev@intelligence.platform,2025-01-02 17:51:03.125680+00:00,Refactor core module in Credit Fraud Detection Engine,3,17,51,57,233,2025,1,2025-01,0,1
1126,4,1,386bb759,Developer Profile,dev@intelligence.platform,2025-01-02 21:40:50.141072+00:00,Refactor core module in Customer Churn Propensity Analytics,3,21,52,54,91,2025,1,2025-01,0,0
911,3,1,8e7f4853,Developer Profile,dev@intelligence.platform,2025-01-04 15:25:31.138678+00:00,Add unit tests for core module in Clinical Nlp Pipeline,5,15,148,60,217,2025,1,2025-01,1,0
506,2,1,b1ffd742,Developer Profile,dev@intelligence.platform,2025-01-04 15:30:23.132678+00:00,Optimize core module in Deep Timeseries Forecasting,5,15,14,40,151,2025,1,2025-01,1,0
1127,4,1,a28d9909,Developer Profile,dev@intelligence.platform,2025-01-05 21:11:44.141072+00:00,Fix bug in core module in Customer Churn Propensity Analytics,6,21,160,57,39,2025,1,2025-01,1,0
53,1,1,5126eb06,Developer Profile,dev@intelligence.platform,2025-01-05 22:35:16.125680+00:00,Add unit tests for core module in Credit Fraud Detection Engine,6,22,114,14,64,2025,1,2025-01,1,0
54,1,1,4debcea8,Developer Profile,dev@intelligence.platform,2025-01-06 11:18:43.125680+00:00,Upgrade dependencies for core module in Credit Fraud Detection Engine,0,11,143,51,35,2025,1,2025-01,0,1
55,1,1,ba8bee3f,Developer Profile,dev@intelligence.platform,2025-01-06 14:52:59.125680+00:00,Refactor core module in Credit Fraud Detection Engine,0,14,18,11,186,2025,1,2025-01,0,1
507,2,1,fe85b3e3,Developer Profile,dev@intelligence.platform,2025-01-06 21:24:02.132678+00:00,Benchmark core module in Deep Timeseries Forecasting,0,21,70,56,189,2025,1,2025-01,0,0
56,1,1,f340132b,Developer Profile,dev@intelligence.platform,2025-01-07 09:29:52.125680+00:00,Add unit tests for core module in Credit Fraud Detection Engine,1,9,30,10,154,2025,1,2025-01,0,1
1128,4,1,5a7194c6,Developer Profile,dev@intelligence.platform,2025-01-07 11:11:01.141072+00:00,Benchmark core module in Customer Churn Propensity Analytics,1,11,86,13,130,2025,1,2025-01,0,1
508,2,1,dfb27c44,Developer Profile,dev@intelligence.platform,2025-01-07 21:27:23.132678+00:00,Optimize core module in Deep Timeseries Forecasting,1,21,175,9,69,2025,1,2025-01,0,0
912,3,1,39f91cc5,Developer Profile,dev@intelligence.platform,2025-01-08 10:20:05.138678+00:00,Optimize core module in Clinical Nlp Pipeline,2,10,109,33,60,2025,1,2025-01,0,1
57,1,1,eeb784d0,Developer Profile,dev@intelligence.platform,2025-01-08 15:02:10.125680+00:00,Update documentation for core module in Credit Fraud Detection Engine,2,15,142,31,216,2025,1,2025-01,0,1
509,2,1,31ca2112,Developer Profile,dev@intelligence.platform,2025-01-08 22:54:37.132678+00:00,Implement core module in Deep Timeseries Forecasting,2,22,126,20,182,2025,1,2025-01,0,0
913,3,1,630b2114,Developer Profile,dev@intelligence.platform,2025-01-09 09:47:57.138678+00:00,Update documentation for core module in Clinical Nlp Pipeline,3,9,137,25,97,2025,1,2025-01,0,1
914,3,1,64a6e672,Developer Profile,dev@intelligence.platform,2025-01-13 10:07:34.138678+00:00,Optimize core module in Clinical Nlp Pipeline,0,10,145,54,162,2025,1,2025-01,0,1
915,3,1,d2807d9d,Developer Profile,dev@intelligence.platform,2025-01-13 22:20:09.138678+00:00,Update documentation for core module in Clinical Nlp Pipeline,0,22,64,45,93,2025,1,2025-01,0,0
58,1,1,426467d7,Developer Profile,dev@intelligence.platform,2025-01-14 16:39:17.125680+00:00,Update documentation for core module in Credit Fraud Detection Engine,1,16,77,34,105,2025,1,2025-01,0,1
59,1,1,ff948304,Developer Profile,dev@intelligence.platform,2025-01-15 21:36:14.125680+00:00,Optimize core module in Credit Fraud Detection Engine,2,21,90,31,205,2025,1,2025-01,0,0
60,1,1,41519c5e,Developer Profile,dev@intelligence.platform,2025-01-16 17:13:53.125680+00:00,Benchmark core module in Credit Fraud Detection Engine,3,17,57,15,122,2025,1,2025-01,0,1
1129,4,1,92d3b50a,Developer Profile,dev@intelligence.platform,2025-01-16 22:27:04.141072+00:00,Add unit tests for core module in Customer Churn Propensity Analytics,3,22,45,25,90,2025,1,2025-01,0,0
61,1,1,f3723ed8,Developer Profile,dev@intelligence.platform,2025-01-19 14:24:32.125680+00:00,Refactor core module in Credit Fraud Detection Engine,6,14,59,45,144,2025,1,2025-01,1,0
62,1,1,56308aa9,Developer Profile,dev@intelligence.platform,2025-01-19 17:26:20.125680+00:00,Optimize core module in Credit Fraud Detection Engine,6,17,145,32,25,2025,1,2025-01,1,0
63,1,1,b9ac7a4c,Developer Profile,dev@intelligence.platform,2025-01-19 21:34:31.125680+00:00,Upgrade dependencies for core module in Credit Fraud Detection Engine,6,21,141,18,205,2025,1,2025-01,1,0
510,2,1,00d255e7,Developer Profile,dev@intelligence.platform,2025-01-19 21:49:33.132678+00:00,Update documentation for core module in Deep Timeseries Forecasting,6,21,163,57,87,2025,1,2025-01,1,0
1130,4,1,7f699d6f,Developer Profile,dev@intelligence.platform,2025-01-20 11:27:07.141072+00:00,Update documentation for core module in Customer Churn Propensity Analytics,0,11,171,54,58,2025,1,2025-01,0,1
916,3,1,88fd1445,Developer Profile,dev@intelligence.platform,2025-01-21 10:44:22.138678+00:00,Implement core module in Clinical Nlp Pipeline,1,10,73,44,143,2025,1,2025-01,0,1
511,2,1,0257a969,Developer Profile,dev@intelligence.platform,2025-01-21 15:41:20.132678+00:00,Refactor core module in Deep Timeseries Forecasting,1,15,110,19,157,2025,1,2025-01,0,1
917,3,1,c1758896,Developer Profile,dev@intelligence.platform,2025-01-21 22:12:49.138678+00:00,Fix bug in core module in Clinical Nlp Pipeline,1,22,65,33,61,2025,1,2025-01,0,0
918,3,1,edb79678,Developer Profile,dev@intelligence.platform,2025-01-23 10:29:13.138678+00:00,Optimize core module in Clinical Nlp Pipeline,3,10,139,18,147,2025,1,2025-01,0,1
1131,4,1,121d7c1d,Developer Profile,dev@intelligence.platform,2025-01-23 14:14:04.141072+00:00,Implement core module in Customer Churn Propensity Analytics,3,14,29,45,43,2025,1,2025-01,0,1
919,3,1,d37aa9d1,Developer Profile,dev@intelligence.platform,2025-01-23 15:44:51.138678+00:00,Update documentation for core module in Clinical Nlp Pipeline,3,15,42,58,84,2025,1,2025-01,0,1
64,1,1,bc5a2d34,Developer Profile,dev@intelligence.platform,2025-01-24 10:32:23.125680+00:00,Update documentation for core module in Credit Fraud Detection Engine,4,10,92,47,104,2025,1,2025-01,0,1
65,1,1,457fdd0a,Developer Profile,dev@intelligence.platform,2025-01-24 10:51:06.125680+00:00,Implement core module in Credit Fraud Detection Engine,4,10,28,41,142,2025,1,2025-01,0,1
1132,4,1,e6566a96,Developer Profile,dev@intelligence.platform,2025-01-24 11:28:24.141072+00:00,Add unit tests for core module in Customer Churn Propensity Analytics,4,11,73,31,179,2025,1,2025-01,0,1
920,3,1,9c26fbb5,Developer Profile,dev@intelligence.platform,2025-01-25 11:53:26.138678+00:00,Implement core module in Clinical Nlp Pipeline,5,11,56,20,99,2025,1,2025-01,1,0
66,1,1,1016a26e,Developer Profile,dev@intelligence.platform,2025-01-28 19:49:40.125680+00:00,Upgrade dependencies for core module in Credit Fraud Detection Engine,1,19,173,51,209,2025,1,2025-01,0,0
512,2,1,2a0816e6,Developer Profile,dev@intelligence.platform,2025-02-01 10:23:46.132678+00:00,Fix bug in core module in Deep Timeseries Forecasting,5,10,17,3,147,2025,2,2025-02,1,0
513,2,1,bb0d9281,Developer Profile,dev@intelligence.platform,2025-02-01 19:00:49.132678+00:00,Upgrade dependencies for core module in Deep Timeseries Forecasting,5,19,150,35,34,2025,2,2025-02,1,0
67,1,1,6ec33646,Developer Profile,dev@intelligence.platform,2025-02-02 15:13:35.125680+00:00,Benchmark core module in Credit Fraud Detection Engine,6,15,56,40,48,2025,2,2025-02,1,0
68,1,1,406fa987,Developer Profile,dev@intelligence.platform,2025-02-02 16:31:48.125680+00:00,Optimize core module in Credit Fraud Detection Engine,6,16,108,41,211,2025,2,2025-02,1,0
514,2,1,9a791795,Developer Profile,dev@intelligence.platform,2025-02-02 19:51:14.132678+00:00,Upgrade dependencies for core module in Deep Timeseries Forecasting,6,19,41,39,104,2025,2,2025-02,1,0
921,3,1,e73fce6d,Developer Profile,dev@intelligence.platform,2025-02-02 22:57:54.138678+00:00,Implement core module in Clinical Nlp Pipeline,6,22,144,16,46,2025,2,2025-02,1,0
922,3,1,680c6882,Developer Profile,dev@intelligence.platform,2025-02-02 22:58:18.138678+00:00,Update documentation for core module in Clinical Nlp Pipeline,6,22,72,40,178,2025,2,2025-02,1,0
69,1,1,8adffc40,Developer Profile,dev@intelligence.platform,2025-02-03 10:46:01.125680+00:00,Upgrade dependencies for core module in Credit Fraud Detection Engine,0,10,107,41,138,2025,2,2025-02,0,1
923,3,1,b6f8f642,Developer Profile,dev@intelligence.platform,2025-02-03 11:19:20.138678+00:00,Optimize core module in Clinical Nlp Pipeline,0,11,99,56,179,2025,2,2025-02,0,1
70,1,1,ae0308e9,Developer Profile,dev@intelligence.platform,2025-02-03 17:46:19.125680+00:00,Implement core module in Credit Fraud Detection Engine,0,17,68,60,220,2025,2,2025-02,0,1
515,2,1,e36ba9c4,Developer Profile,dev@intelligence.platform,2025-02-03 19:56:03.132678+00:00,Update documentation for core module in Deep Timeseries Forecasting,0,19,65,25,237,2025,2,2025-02,0,0
71,1,1,b1d02a6e,Developer Profile,dev@intelligence.platform,2025-02-05 15:52:27.125680+00:00,Add unit tests for core module in Credit Fraud Detection Engine,2,15,175,49,15,2025,2,2025-02,0,1
72,1,1,0722ee7d,Developer Profile,dev@intelligence.platform,2025-02-06 09:16:24.125680+00:00,Implement core module in Credit Fraud Detection Engine,3,9,20,47,20,2025,2,2025-02,0,1
73,1,1,c8ab066e,Developer Profile,dev@intelligence.platform,2025-02-07 09:26:48.125680+00:00,Optimize core module in Credit Fraud Detection Engine,4,9,79,23,147,2025,2,2025-02,0,1
74,1,1,d2f56f56,Developer Profile,dev@intelligence.platform,2025-02-08 10:13:28.125680+00:00,Upgrade dependencies for core module in Credit Fraud Detection Engine,5,10,96,27,162,2025,2,2025-02,1,0
924,3,1,975e644c,Developer Profile,dev@intelligence.platform,2025-02-08 16:33:14.138678+00:00,Refactor core module in Clinical Nlp Pipeline,5,16,166,9,137,2025,2,2025-02,1,0
75,1,1,d8d1ef58,Developer Profile,dev@intelligence.platform,2025-02-08 17:20:50.125680+00:00,Update documentation for core module in Credit Fraud Detection Engine,5,17,43,6,100,2025,2,2025-02,1,0
516,2,1,fc22121b,Developer Profile,dev@intelligence.platform,2025-02-09 09:59:33.132678+00:00,Refactor core module in Deep Timeseries Forecasting,6,9,163,37,48,2025,2,2025-02,1,0
1301,5,1,be55ff48,Developer Profile,dev@intelligence.platform,2025-02-11 19:00:46.143646+00:00,Upgrade dependencies for core module in Sql Analytics Templates,1,19,24,40,139,2025,2,2025-02,0,0
1302,5,1,6c2f64bb,Developer Profile,dev@intelligence.platform,2025-02-12 21:07:11.143646+00:00,Optimize core module in Sql Analytics Templates,2,21,64,42,51,2025,2,2025-02,0,0
1303,5,1,91064194,Developer Profile,dev@intelligence.platform,2025-02-12 22:18:29.143646+00:00,Add unit tests for core module in Sql Analytics Templates,2,22,150,24,231,2025,2,2025-02,0,0
517,2,1,37ee78e8,Developer Profile,dev@intelligence.platform,2025-02-13 15:45:11.132678+00:00,Optimize core module in Deep Timeseries Forecasting,3,15,128,19,51,2025,2,2025-02,0,1
76,1,1,a753e89e,Developer Profile,dev@intelligence.platform,2025-02-13 19:11:32.125680+00:00,Add unit tests for core module in Credit Fraud Detection Engine,3,19,130,42,50,2025,2,2025-02,0,0
518,2,1,92832799,Developer Profile,dev@intelligence.platform,2025-02-13 21:57:34.132678+00:00,Optimize core module in Deep Timeseries Forecasting,3,21,20,34,187,2025,2,2025-02,0,0
1304,5,1,366f1952,Developer Profile,dev@intelligence.platform,2025-02-14 11:11:14.143646+00:00,Optimize core module in Sql Analytics Templates,4,11,72,22,44,2025,2,2025-02,0,1
77,1,1,f9869c87,Developer Profile,dev@intelligence.platform,2025-02-15 11:07:42.125680+00:00,Upgrade dependencies for core module in Credit Fraud Detection Engine,5,11,91,36,37,2025,2,2025-02,1,0
519,2,1,d6ca4703,Developer Profile,dev@intelligence.platform,2025-02-15 15:01:54.132678+00:00,Add unit tests for core module in Deep Timeseries Forecasting,5,15,67,46,162,2025,2,2025-02,1,0
520,2,1,33a95658,Developer Profile,dev@intelligence.platform,2025-02-15 15:46:25.132678+00:00,Add unit tests for core module in Deep Timeseries Forecasting,5,15,140,50,38,2025,2,2025-02,1,0
521,2,1,80021d85,Developer Profile,dev@intelligence.platform,2025-02-15 16:22:16.132678+00:00,Upgrade dependencies for core module in Deep Timeseries Forecasting,5,16,125,15,82,2025,2,2025-02,1,0
1305,5,1,be8465a8,Developer Profile,dev@intelligence.platform,2025-02-16 11:01:19.143646+00:00,Upgrade dependencies for core module in Sql Analytics Templates,6,11,83,35,203,2025,2,2025-02,1,0
522,2,1,e3095715,Developer Profile,dev@intelligence.platform,2025-02-16 14:54:01.132678+00:00,Upgrade dependencies for core module in Deep Timeseries Forecasting,6,14,61,9,100,2025,2,2025-02,1,0
1306,5,1,dd4d8ad0,Developer Profile,dev@intelligence.platform,2025-02-16 17:28:42.143646+00:00,Update documentation for core module in Sql Analytics Templates,6,17,172,29,174,2025,2,2025-02,1,0
1307,5,1,e1e73a2d,Developer Profile,dev@intelligence.platform,2025-02-18 15:24:05.143646+00:00,Benchmark core module in Sql Analytics Templates,1,15,145,34,146,2025,2,2025-02,0,1
1308,5,1,be74134f,Developer Profile,dev@intelligence.platform,2025-02-18 21:08:40.143646+00:00,Benchmark core module in Sql Analytics Templates,1,21,80,36,198,2025,2,2025-02,0,0
78,1,1,cbfc23c3,Developer Profile,dev@intelligence.platform,2025-02-19 10:07:47.125680+00:00,Add unit tests for core module in Credit Fraud Detection Engine,2,10,101,46,49,2025,2,2025-02,0,1
1309,5,1,5a6aa92a,Developer Profile,dev@intelligence.platform,2025-02-19 11:11:19.143646+00:00,Refactor core module in Sql Analytics Templates,2,11,75,37,237,2025,2,2025-02,0,1
523,2,1,922ebf65,Developer Profile,dev@intelligence.platform,2025-02-19 15:38:30.132678+00:00,Implement core module in Deep Timeseries Forecasting,2,15,89,41,92,2025,2,2025-02,0,1
925,3,1,61cf74cf,Developer Profile,dev@intelligence.platform,2025-02-19 16:59:02.138678+00:00,Add unit tests for core module in Clinical Nlp Pipeline,2,16,133,14,169,2025,2,2025-02,0,1
79,1,1,e4f61225,Developer Profile,dev@intelligence.platform,2025-02-20 10:48:22.125680+00:00,Refactor core module in Credit Fraud Detection Engine,3,10,177,11,211,2025,2,2025-02,0,1
524,2,1,42b5388c,Developer Profile,dev@intelligence.platform,2025-02-20 10:55:58.132678+00:00,Add unit tests for core module in Deep Timeseries Forecasting,3,10,33,32,36,2025,2,2025-02,0,1
80,1,1,f499a5ff,Developer Profile,dev@intelligence.platform,2025-02-20 22:47:04.125680+00:00,Implement core module in Credit Fraud Detection Engine,3,22,66,6,50,2025,2,2025-02,0,0
81,1,1,eccd16b5,Developer Profile,dev@intelligence.platform,2025-02-21 19:58:19.125680+00:00,Upgrade dependencies for core module in Credit Fraud Detection Engine,4,19,158,54,238,2025,2,2025-02,0,0
926,3,1,4ea48d5c,Developer Profile,dev@intelligence.platform,2025-02-22 17:21:05.138678+00:00,Upgrade dependencies for core module in Clinical Nlp Pipeline,5,17,112,22,174,2025,2,2025-02,1,0
525,2,1,b2a84357,Developer Profile,dev@intelligence.platform,2025-02-24 14:22:14.132678+00:00,Upgrade dependencies for core module in Deep Timeseries Forecasting,0,14,79,22,84,2025,2,2025-02,0,1
526,2,1,e3dd6d5c,Developer Profile,dev@intelligence.platform,2025-02-25 09:34:45.132678+00:00,Fix bug in core module in Deep Timeseries Forecasting,1,9,52,57,72,2025,2,2025-02,0,1
527,2,1,93d52364,Developer Profile,dev@intelligence.platform,2025-02-27 09:21:27.132678+00:00,Upgrade dependencies for core module in Deep Timeseries Forecasting,3,9,136,50,60,2025,2,2025-02,0,1
927,3,1,bad213eb,Developer Profile,dev@intelligence.platform,2025-02-27 10:20:04.138678+00:00,Add unit tests for core module in Clinical Nlp Pipeline,3,10,11,45,34,2025,2,2025-02,0,1
528,2,1,191dcd61,Developer Profile,dev@intelligence.platform,2025-02-27 16:53:23.132678+00:00,Update documentation for core module in Deep Timeseries Forecasting,3,16,98,26,183,2025,2,2025-02,0,1
928,3,1,ccc73be6,Developer Profile,dev@intelligence.platform,2025-02-27 17:48:48.138678+00:00,Implement core module in Clinical Nlp Pipeline,3,17,87,40,60,2025,2,2025-02,0,1
1310,5,1,5ddb4f30,Developer Profile,dev@intelligence.platform,2025-02-27 22:36:17.143646+00:00,Add unit tests for core module in Sql Analytics Templates,3,22,134,53,233,2025,2,2025-02,0,0
529,2,1,f43f0721,Developer Profile,dev@intelligence.platform,2025-02-28 21:27:59.132678+00:00,Optimize core module in Deep Timeseries Forecasting,4,21,95,45,123,2025,2,2025-02,0,0
929,3,1,36d32278,Developer Profile,dev@intelligence.platform,2025-03-01 09:29:02.138678+00:00,Refactor core module in Clinical Nlp Pipeline,5,9,44,5,49,2025,3,2025-03,1,0
930,3,1,b9598053,Developer Profile,dev@intelligence.platform,2025-03-02 14:29:01.138678+00:00,Update documentation for core module in Clinical Nlp Pipeline,6,14,93,19,229,2025,3,2025-03,1,0
931,3,1,ef5b12f4,Developer Profile,dev@intelligence.platform,2025-03-02 21:28:52.138678+00:00,Benchmark core module in Clinical Nlp Pipeline,6,21,93,22,131,2025,3,2025-03,1,0
1311,5,1,d8bf2d0c,Developer Profile,dev@intelligence.platform,2025-03-03 09:05:37.143646+00:00,Optimize core module in Sql Analytics Templates,0,9,27,38,127,2025,3,2025-03,0,1
530,2,1,2a6b8b0e,Developer Profile,dev@intelligence.platform,2025-03-03 14:32:23.132678+00:00,Implement core module in Deep Timeseries Forecasting,0,14,28,31,218,2025,3,2025-03,0,1
531,2,1,32ded781,Developer Profile,dev@intelligence.platform,2025-03-05 10:48:28.132678+00:00,Add unit tests for core module in Deep Timeseries Forecasting,2,10,64,3,128,2025,3,2025-03,0,1
1312,5,1,f33abe73,Developer Profile,dev@intelligence.platform,2025-03-05 17:31:32.143646+00:00,Fix bug in core module in Sql Analytics Templates,2,17,152,49,213,2025,3,2025-03,0,1
532,2,1,2f49e96a,Developer Profile,dev@intelligence.platform,2025-03-06 17:06:38.132678+00:00,Add unit tests for core module in Deep Timeseries Forecasting,3,17,135,30,104,2025,3,2025-03,0,1
533,2,1,03716967,Developer Profile,dev@intelligence.platform,2025-03-06 17:47:44.132678+00:00,Update documentation for core module in Deep Timeseries Forecasting,3,17,86,28,20,2025,3,2025-03,0,1
534,2,1,4f4b3fe2,Developer Profile,dev@intelligence.platform,2025-03-08 21:05:27.132678+00:00,Implement core module in Deep Timeseries Forecasting,5,21,167,32,112,2025,3,2025-03,1,0
535,2,1,91dbe455,Developer Profile,dev@intelligence.platform,2025-03-09 16:26:08.132678+00:00,Implement core module in Deep Timeseries Forecasting,6,16,90,52,107,2025,3,2025-03,1,0
536,2,1,bc1fffeb,Developer Profile,dev@intelligence.platform,2025-03-11 17:32:26.132678+00:00,Upgrade dependencies for core module in Deep Timeseries Forecasting,1,17,135,23,49,2025,3,2025-03,0,1
82,1,1,f26a995f,Developer Profile,dev@intelligence.platform,2025-03-11 22:01:04.125680+00:00,Benchmark core module in Credit Fraud Detection Engine,1,22,24,42,37,2025,3,2025-03,0,0
1313,5,1,e9c252cb,Developer Profile,dev@intelligence.platform,2025-03-11 22:04:23.143646+00:00,Optimize core module in Sql Analytics Templates,1,22,70,7,185,2025,3,2025-03,0,0
537,2,1,57141664,Developer Profile,dev@intelligence.platform,2025-03-12 15:13:42.132678+00:00,Fix bug in core module in Deep Timeseries Forecasting,2,15,74,48,226,2025,3,2025-03,0,1
1314,5,1,f961a704,Developer Profile,dev@intelligence.platform,2025-03-12 17:12:40.143646+00:00,Refactor core module in Sql Analytics Templates,2,17,22,24,200,2025,3,2025-03,0,1
83,1,1,8fa21b26,Developer Profile,dev@intelligence.platform,2025-03-12 17:29:28.125680+00:00,Fix bug in core module in Credit Fraud Detection Engine,2,17,92,6,223,2025,3,2025-03,0,1
538,2,1,e390b029,Developer Profile,dev@intelligence.platform,2025-03-15 09:21:49.132678+00:00,Upgrade dependencies for core module in Deep Timeseries Forecasting,5,9,33,30,53,2025,3,2025-03,1,0
932,3,1,fbe1e719,Developer Profile,dev@intelligence.platform,2025-03-15 11:33:12.138678+00:00,Implement core module in Clinical Nlp Pipeline,5,11,137,35,46,2025,3,2025-03,1,0
1315,5,1,371b4fc4,Developer Profile,dev@intelligence.platform,2025-03-15 11:41:47.143646+00:00,Benchmark core module in Sql Analytics Templates,5,11,45,30,50,2025,3,2025-03,1,0
1133,4,1,afbab294,Developer Profile,dev@intelligence.platform,2025-03-15 16:23:41.141072+00:00,Benchmark core module in Customer Churn Propensity Analytics,5,16,124,26,84,2025,3,2025-03,1,0
539,2,1,238ff61b,Developer Profile,dev@intelligence.platform,2025-03-16 21:15:19.132678+00:00,Upgrade dependencies for core module in Deep Timeseries Forecasting,6,21,72,17,31,2025,3,2025-03,1,0
1316,5,1,e054e779,Developer Profile,dev@intelligence.platform,2025-03-18 16:43:53.143646+00:00,Update documentation for core module in Sql Analytics Templates,1,16,169,52,49,2025,3,2025-03,0,1
84,1,1,331fa196,Developer Profile,dev@intelligence.platform,2025-03-18 17:35:16.125680+00:00,Add unit tests for core module in Credit Fraud Detection Engine,1,17,73,38,192,2025,3,2025-03,0,1
540,2,1,a897da2d,Developer Profile,dev@intelligence.platform,2025-03-18 21:34:30.132678+00:00,Update documentation for core module in Deep Timeseries Forecasting,1,21,38,19,20,2025,3,2025-03,0,0
541,2,1,e3b78fc8,Developer Profile,dev@intelligence.platform,2025-03-19 11:38:12.132678+00:00,Optimize core module in Deep Timeseries Forecasting,2,11,71,48,202,2025,3,2025-03,0,1
1317,5,1,f69ff74e,Developer Profile,dev@intelligence.platform,2025-03-20 19:32:50.143646+00:00,Add unit tests for core module in Sql Analytics Templates,3,19,92,32,102,2025,3,2025-03,0,0
542,2,1,a9e7f4fc,Developer Profile,dev@intelligence.platform,2025-03-20 21:16:29.132678+00:00,Optimize core module in Deep Timeseries Forecasting,3,21,23,4,61,2025,3,2025-03,0,0
543,2,1,f09f610d,Developer Profile,dev@intelligence.platform,2025-03-20 21:33:57.132678+00:00,Refactor core module in Deep Timeseries Forecasting,3,21,51,48,216,2025,3,2025-03,0,0
544,2,1,c703ba08,Developer Profile,dev@intelligence.platform,2025-03-21 11:47:18.132678+00:00,Fix bug in core module in Deep Timeseries Forecasting,4,11,113,41,116,2025,3,2025-03,0,1
85,1,1,d15b8f2b,Developer Profile,dev@intelligence.platform,2025-03-21 19:09:58.125680+00:00,Implement core module in Credit Fraud Detection Engine,4,19,63,32,113,2025,3,2025-03,0,0
545,2,1,8fe8241a,Developer Profile,dev@intelligence.platform,2025-03-21 21:08:43.132678+00:00,Optimize core module in Deep Timeseries Forecasting,4,21,161,60,167,2025,3,2025-03,0,0
1318,5,1,192ebe47,Developer Profile,dev@intelligence.platform,2025-03-22 10:11:32.143646+00:00,Add unit tests for core module in Sql Analytics Templates,5,10,90,37,185,2025,3,2025-03,1,0
933,3,1,2b65c0df,Developer Profile,dev@intelligence.platform,2025-03-22 14:07:42.138678+00:00,Benchmark core module in Clinical Nlp Pipeline,5,14,97,16,50,2025,3,2025-03,1,0
934,3,1,ef6062bc,Developer Profile,dev@intelligence.platform,2025-03-22 22:41:27.138678+00:00,Implement core module in Clinical Nlp Pipeline,5,22,119,52,179,2025,3,2025-03,1,0
935,3,1,d2086901,Developer Profile,dev@intelligence.platform,2025-03-23 17:23:26.138678+00:00,Upgrade dependencies for core module in Clinical Nlp Pipeline,6,17,90,51,134,2025,3,2025-03,1,0
936,3,1,4f12fe7d,Developer Profile,dev@intelligence.platform,2025-03-23 21:29:35.138678+00:00,Fix bug in core module in Clinical Nlp Pipeline,6,21,87,14,218,2025,3,2025-03,1,0
86,1,1,45134b3e,Developer Profile,dev@intelligence.platform,2025-03-24 11:19:37.125680+00:00,Update documentation for core module in Credit Fraud Detection Engine,0,11,126,34,220,2025,3,2025-03,0,1
1134,4,1,5caaaf52,Developer Profile,dev@intelligence.platform,2025-03-24 17:19:33.141072+00:00,Fix bug in core module in Customer Churn Propensity Analytics,0,17,21,25,218,2025,3,2025-03,0,1
937,3,1,151d6439,Developer Profile,dev@intelligence.platform,2025-03-24 21:14:41.138678+00:00,Implement core module in Clinical Nlp Pipeline,0,21,108,42,149,2025,3,2025-03,0,0
1319,5,1,aa525b44,Developer Profile,dev@intelligence.platform,2025-03-25 10:19:34.143646+00:00,Upgrade dependencies for core module in Sql Analytics Templates,1,10,147,54,118,2025,3,2025-03,0,1
1320,5,1,bf9bb4f3,Developer Profile,dev@intelligence.platform,2025-03-26 21:35:31.143646+00:00,Fix bug in core module in Sql Analytics Templates,2,21,22,48,85,2025,3,2025-03,0,0
546,2,1,702c4769,Developer Profile,dev@intelligence.platform,2025-03-27 10:52:54.132678+00:00,Optimize core module in Deep Timeseries Forecasting,3,10,89,25,84,2025,3,2025-03,0,1
547,2,1,f185a06a,Developer Profile,dev@intelligence.platform,2025-03-28 17:19:49.132678+00:00,Fix bug in core module in Deep Timeseries Forecasting,4,17,21,27,34,2025,3,2025-03,0,1
87,1,1,2de30535,Developer Profile,dev@intelligence.platform,2025-04-01 11:26:37.125680+00:00,Benchmark core module in Credit Fraud Detection Engine,1,11,28,52,131,2025,4,2025-04,0,1
1321,5,1,0abc2cf9,Developer Profile,dev@intelligence.platform,2025-04-02 11:27:41.143646+00:00,Fix bug in core module in Sql Analytics Templates,2,11,170,30,160,2025,4,2025-04,0,1
88,1,1,00dfecb1,Developer Profile,dev@intelligence.platform,2025-04-03 16:31:33.125680+00:00,Implement core module in Credit Fraud Detection Engine,3,16,100,52,110,2025,4,2025-04,0,1
1135,4,1,203f02ca,Developer Profile,dev@intelligence.platform,2025-04-04 10:04:37.141072+00:00,Implement core module in Customer Churn Propensity Analytics,4,10,155,26,33,2025,4,2025-04,0,1
89,1,1,a3e4aa0c,Developer Profile,dev@intelligence.platform,2025-04-04 17:46:15.125680+00:00,Optimize core module in Credit Fraud Detection Engine,4,17,113,5,86,2025,4,2025-04,0,1
938,3,1,d6fd6602,Developer Profile,dev@intelligence.platform,2025-04-04 22:59:44.138678+00:00,Fix bug in core module in Clinical Nlp Pipeline,4,22,155,26,104,2025,4,2025-04,0,0
939,3,1,b22d71e7,Developer Profile,dev@intelligence.platform,2025-04-05 09:39:15.138678+00:00,Optimize core module in Clinical Nlp Pipeline,5,9,131,48,42,2025,4,2025-04,1,0
1322,5,1,7767748e,Developer Profile,dev@intelligence.platform,2025-04-05 15:41:48.143646+00:00,Add unit tests for core module in Sql Analytics Templates,5,15,47,57,33,2025,4,2025-04,1,0
940,3,1,8b36590d,Developer Profile,dev@intelligence.platform,2025-04-07 11:10:50.138678+00:00,Refactor core module in Clinical Nlp Pipeline,0,11,31,56,66,2025,4,2025-04,0,1
1323,5,1,2121c0db,Developer Profile,dev@intelligence.platform,2025-04-08 14:13:16.143646+00:00,Refactor core module in Sql Analytics Templates,1,14,77,11,141,2025,4,2025-04,0,1
941,3,1,344384ce,Developer Profile,dev@intelligence.platform,2025-04-08 17:00:22.138678+00:00,Refactor core module in Clinical Nlp Pipeline,1,17,122,46,52,2025,4,2025-04,0,1
90,1,1,4ba2b258,Developer Profile,dev@intelligence.platform,2025-04-08 17:58:43.125680+00:00,Fix bug in core module in Credit Fraud Detection Engine,1,17,59,38,171,2025,4,2025-04,0,1
91,1,1,85cece11,Developer Profile,dev@intelligence.platform,2025-04-08 19:51:46.125680+00:00,Implement core module in Credit Fraud Detection Engine,1,19,138,54,39,2025,4,2025-04,0,0
1324,5,1,058b7a1f,Developer Profile,dev@intelligence.platform,2025-04-11 10:17:30.143646+00:00,Optimize core module in Sql Analytics Templates,4,10,99,13,173,2025,4,2025-04,0,1
92,1,1,a9714e68,Developer Profile,dev@intelligence.platform,2025-04-12 21:39:34.125680+00:00,Implement core module in Credit Fraud Detection Engine,5,21,121,3,40,2025,4,2025-04,1,0
1325,5,1,6e7212d2,Developer Profile,dev@intelligence.platform,2025-04-12 22:35:35.143646+00:00,Implement core module in Sql Analytics Templates,5,22,14,15,25,2025,4,2025-04,1,0
1326,5,1,d0548c60,Developer Profile,dev@intelligence.platform,2025-04-13 14:03:42.143646+00:00,Fix bug in core module in Sql Analytics Templates,6,14,50,59,227,2025,4,2025-04,1,0
93,1,1,f5fd97cb,Developer Profile,dev@intelligence.platform,2025-04-16 17:37:01.125680+00:00,Implement core module in Credit Fraud Detection Engine,2,17,103,3,173,2025,4,2025-04,0,1
942,3,1,e1cb3581,Developer Profile,dev@intelligence.platform,2025-04-17 09:11:45.138678+00:00,Upgrade dependencies for core module in Clinical Nlp Pipeline,3,9,101,16,52,2025,4,2025-04,0,1
1327,5,1,e51317da,Developer Profile,dev@intelligence.platform,2025-04-17 17:09:07.143646+00:00,Benchmark core module in Sql Analytics Templates,3,17,92,44,118,2025,4,2025-04,0,1
1328,5,1,d72604e7,Developer Profile,dev@intelligence.platform,2025-04-17 19:31:42.143646+00:00,Refactor core module in Sql Analytics Templates,3,19,16,31,124,2025,4,2025-04,0,0
1136,4,1,e0f17571,Developer Profile,dev@intelligence.platform,2025-04-18 15:32:10.141072+00:00,Upgrade dependencies for core module in Customer Churn Propensity Analytics,4,15,120,38,156,2025,4,2025-04,0,1
1137,4,1,b8814643,Developer Profile,dev@intelligence.platform,2025-04-20 17:08:34.141072+00:00,Optimize core module in Customer Churn Propensity Analytics,6,17,168,42,174,2025,4,2025-04,1,0
1138,4,1,65882704,Developer Profile,dev@intelligence.platform,2025-04-22 15:03:48.141072+00:00,Refactor core module in Customer Churn Propensity Analytics,1,15,87,11,32,2025,4,2025-04,0,1
1139,4,1,0b9edd29,Developer Profile,dev@intelligence.platform,2025-04-22 16:41:49.141072+00:00,Benchmark core module in Customer Churn Propensity Analytics,1,16,147,32,230,2025,4,2025-04,0,1
94,1,1,b79d9c0d,Developer Profile,dev@intelligence.platform,2025-04-24 14:03:48.125680+00:00,Benchmark core module in Credit Fraud Detection Engine,3,14,135,32,221,2025,4,2025-04,0,1
943,3,1,d7c8b2c2,Developer Profile,dev@intelligence.platform,2025-04-24 22:09:05.138678+00:00,Upgrade dependencies for core module in Clinical Nlp Pipeline,3,22,81,59,127,2025,4,2025-04,0,0
548,2,1,4333011c,Developer Profile,dev@intelligence.platform,2025-04-26 21:15:02.132678+00:00,Optimize core module in Deep Timeseries Forecasting,5,21,92,28,220,2025,4,2025-04,1,0
549,2,1,41b8acc5,Developer Profile,dev@intelligence.platform,2025-04-27 15:38:30.132678+00:00,Add unit tests for core module in Deep Timeseries Forecasting,6,15,116,16,150,2025,4,2025-04,1,0
1140,4,1,ec67588e,Developer Profile,dev@intelligence.platform,2025-04-27 16:19:17.141072+00:00,Benchmark core module in Customer Churn Propensity Analytics,6,16,140,57,142,2025,4,2025-04,1,0
1141,4,1,cfaefa0b,Developer Profile,dev@intelligence.platform,2025-04-28 09:48:34.141072+00:00,Optimize core module in Customer Churn Propensity Analytics,0,9,82,36,24,2025,4,2025-04,0,1
95,1,1,f264b409,Developer Profile,dev@intelligence.platform,2025-04-28 14:00:30.125680+00:00,Upgrade dependencies for core module in Credit Fraud Detection Engine,0,14,88,55,100,2025,4,2025-04,0,1
1329,5,1,430eb1b6,Developer Profile,dev@intelligence.platform,2025-04-28 21:15:28.143646+00:00,Optimize core module in Sql Analytics Templates,0,21,55,42,201,2025,4,2025-04,0,0
96,1,1,e77e1d66,Developer Profile,dev@intelligence.platform,2025-04-28 21:29:55.125680+00:00,Implement core module in Credit Fraud Detection Engine,0,21,148,49,23,2025,4,2025-04,0,0
97,1,1,921a0e80,Developer Profile,dev@intelligence.platform,2025-05-01 17:54:22.125680+00:00,Add unit tests for core module in Credit Fraud Detection Engine,3,17,35,58,211,2025,5,2025-05,0,1
1330,5,1,de4536c4,Developer Profile,dev@intelligence.platform,2025-05-02 17:50:45.143646+00:00,Update documentation for core module in Sql Analytics Templates,4,17,25,53,164,2025,5,2025-05,0,1
550,2,1,be8c8bdb,Developer Profile,dev@intelligence.platform,2025-05-03 10:46:02.132678+00:00,Add unit tests for core module in Deep Timeseries Forecasting,5,10,172,46,105,2025,5,2025-05,1,0
98,1,1,0eda1827,Developer Profile,dev@intelligence.platform,2025-05-03 16:48:24.125680+00:00,Optimize core module in Credit Fraud Detection Engine,5,16,96,33,61,2025,5,2025-05,1,0
551,2,1,3d3af3b5,Developer Profile,dev@intelligence.platform,2025-05-04 11:24:53.132678+00:00,Update documentation for core module in Deep Timeseries Forecasting,6,11,36,44,135,2025,5,2025-05,1,0
944,3,1,0b197e35,Developer Profile,dev@intelligence.platform,2025-05-04 15:32:20.138678+00:00,Update documentation for core module in Clinical Nlp Pipeline,6,15,108,37,205,2025,5,2025-05,1,0
945,3,1,3c2abce6,Developer Profile,dev@intelligence.platform,2025-05-05 16:09:13.138678+00:00,Add unit tests for core module in Clinical Nlp Pipeline,0,16,144,42,132,2025,5,2025-05,0,1
552,2,1,58670991,Developer Profile,dev@intelligence.platform,2025-05-06 09:28:27.132678+00:00,Refactor core module in Deep Timeseries Forecasting,1,9,157,59,62,2025,5,2025-05,0,1
946,3,1,fb2d54e5,Developer Profile,dev@intelligence.platform,2025-05-06 21:14:48.138678+00:00,Fix bug in core module in Clinical Nlp Pipeline,1,21,36,21,35,2025,5,2025-05,0,0
1142,4,1,7b1c0444,Developer Profile,dev@intelligence.platform,2025-05-07 14:24:06.141072+00:00,Add unit tests for core module in Customer Churn Propensity Analytics,2,14,109,31,129,2025,5,2025-05,0,1
947,3,1,1750cad5,Developer Profile,dev@intelligence.platform,2025-05-07 16:15:00.138678+00:00,Benchmark core module in Clinical Nlp Pipeline,2,16,175,52,119,2025,5,2025-05,0,1
1143,4,1,42680421,Developer Profile,dev@intelligence.platform,2025-05-07 21:40:30.141072+00:00,Implement core module in Customer Churn Propensity Analytics,2,21,88,14,21,2025,5,2025-05,0,0
1144,4,1,67e377c9,Developer Profile,dev@intelligence.platform,2025-05-08 11:12:51.141072+00:00,Fix bug in core module in Customer Churn Propensity Analytics,3,11,52,22,28,2025,5,2025-05,0,1
948,3,1,d205a04a,Developer Profile,dev@intelligence.platform,2025-05-08 17:33:50.138678+00:00,Refactor core module in Clinical Nlp Pipeline,3,17,122,56,106,2025,5,2025-05,0,1
553,2,1,8883af33,Developer Profile,dev@intelligence.platform,2025-05-09 14:42:49.132678+00:00,Refactor core module in Deep Timeseries Forecasting,4,14,178,52,86,2025,5,2025-05,0,1
1331,5,1,0c5a44d5,Developer Profile,dev@intelligence.platform,2025-05-10 10:15:14.143646+00:00,Add unit tests for core module in Sql Analytics Templates,5,10,23,26,79,2025,5,2025-05,1,0
949,3,1,84b782c0,Developer Profile,dev@intelligence.platform,2025-05-10 15:09:28.138678+00:00,Fix bug in core module in Clinical Nlp Pipeline,5,15,57,36,114,2025,5,2025-05,1,0
1332,5,1,5ae7c724,Developer Profile,dev@intelligence.platform,2025-05-10 22:46:45.143646+00:00,Benchmark core module in Sql Analytics Templates,5,22,175,2,83,2025,5,2025-05,1,0
99,1,1,62ba76b7,Developer Profile,dev@intelligence.platform,2025-05-11 10:47:38.125680+00:00,Implement core module in Credit Fraud Detection Engine,6,10,11,28,158,2025,5,2025-05,1,0
950,3,1,ce8e65f9,Developer Profile,dev@intelligence.platform,2025-05-11 17:18:25.138678+00:00,Update documentation for core module in Clinical Nlp Pipeline,6,17,179,14,235,2025,5,2025-05,1,0
951,3,1,5e8d53d5,Developer Profile,dev@intelligence.platform,2025-05-11 19:56:20.138678+00:00,Implement core module in Clinical Nlp Pipeline,6,19,169,39,51,2025,5,2025-05,1,0
1333,5,1,dee368ec,Developer Profile,dev@intelligence.platform,2025-05-12 21:44:52.143646+00:00,Add unit tests for core module in Sql Analytics Templates,0,21,51,3,58,2025,5,2025-05,0,0
1145,4,1,b607520e,Developer Profile,dev@intelligence.platform,2025-05-12 22:32:48.141072+00:00,Optimize core module in Customer Churn Propensity Analytics,0,22,160,48,161,2025,5,2025-05,0,0
100,1,1,e59f8c02,Developer Profile,dev@intelligence.platform,2025-05-13 16:38:24.125680+00:00,Implement core module in Credit Fraud Detection Engine,1,16,69,21,22,2025,5,2025-05,0,1
101,1,1,42ae8ba4,Developer Profile,dev@intelligence.platform,2025-05-13 22:24:06.125680+00:00,Update documentation for core module in Credit Fraud Detection Engine,1,22,126,34,83,2025,5,2025-05,0,0
1334,5,1,60455160,Developer Profile,dev@intelligence.platform,2025-05-14 10:01:02.143646+00:00,Update documentation for core module in Sql Analytics Templates,2,10,76,35,73,2025,5,2025-05,0,1
554,2,1,5d953fde,Developer Profile,dev@intelligence.platform,2025-05-14 16:03:06.132678+00:00,Implement core module in Deep Timeseries Forecasting,2,16,78,17,71,2025,5,2025-05,0,1
555,2,1,3d02d5ed,Developer Profile,dev@intelligence.platform,2025-05-14 17:39:56.132678+00:00,Add unit tests for core module in Deep Timeseries Forecasting,2,17,170,46,236,2025,5,2025-05,0,1
102,1,1,4f7fe8fd,Developer Profile,dev@intelligence.platform,2025-05-14 19:04:57.125680+00:00,Optimize core module in Credit Fraud Detection Engine,2,19,89,37,91,2025,5,2025-05,0,0
103,1,1,cdfbabf0,Developer Profile,dev@intelligence.platform,2025-05-14 19:26:31.125680+00:00,Refactor core module in Credit Fraud Detection Engine,2,19,29,60,134,2025,5,2025-05,0,0
104,1,1,2f8bac7a,Developer Profile,dev@intelligence.platform,2025-05-15 11:04:29.125680+00:00,Optimize core module in Credit Fraud Detection Engine,3,11,110,27,78,2025,5,2025-05,0,1
556,2,1,5865e2d6,Developer Profile,dev@intelligence.platform,2025-05-15 16:09:48.132678+00:00,Refactor core module in Deep Timeseries Forecasting,3,16,147,34,125,2025,5,2025-05,0,1
1335,5,1,8e4dd83b,Developer Profile,dev@intelligence.platform,2025-05-16 19:40:56.143646+00:00,Add unit tests for core module in Sql Analytics Templates,4,19,160,34,203,2025,5,2025-05,0,0
1336,5,1,b0165f66,Developer Profile,dev@intelligence.platform,2025-05-16 21:33:58.143646+00:00,Implement core module in Sql Analytics Templates,4,21,79,56,126,2025,5,2025-05,0,0
1337,5,1,3348df90,Developer Profile,dev@intelligence.platform,2025-05-16 21:41:49.143646+00:00,Fix bug in core module in Sql Analytics Templates,4,21,45,39,228,2025,5,2025-05,0,0
1338,5,1,84797c14,Developer Profile,dev@intelligence.platform,2025-05-17 17:10:44.143646+00:00,Fix bug in core module in Sql Analytics Templates,5,17,155,57,169,2025,5,2025-05,1,0
952,3,1,436b5f97,Developer Profile,dev@intelligence.platform,2025-05-17 21:59:50.138678+00:00,Upgrade dependencies for core module in Clinical Nlp Pipeline,5,21,25,35,116,2025,5,2025-05,1,0
557,2,1,ba996897,Developer Profile,dev@intelligence.platform,2025-05-18 19:19:25.132678+00:00,Upgrade dependencies for core module in Deep Timeseries Forecasting,6,19,105,39,124,2025,5,2025-05,1,0
1339,5,1,c1d36cfa,Developer Profile,dev@intelligence.platform,2025-05-20 16:38:38.143646+00:00,Add unit tests for core module in Sql Analytics Templates,1,16,78,44,203,2025,5,2025-05,0,1
953,3,1,9b2c1cfc,Developer Profile,dev@intelligence.platform,2025-05-21 19:41:08.138678+00:00,Add unit tests for core module in Clinical Nlp Pipeline,2,19,133,16,168,2025,5,2025-05,0,0
105,1,1,041e3adc,Developer Profile,dev@intelligence.platform,2025-05-21 22:51:49.125680+00:00,Implement core module in Credit Fraud Detection Engine,2,22,44,29,141,2025,5,2025-05,0,0
954,3,1,6880ad80,Developer Profile,dev@intelligence.platform,2025-05-22 09:30:52.138678+00:00,Fix bug in core module in Clinical Nlp Pipeline,3,9,177,23,24,2025,5,2025-05,0,1
106,1,1,bf37dfc8,Developer Profile,dev@intelligence.platform,2025-05-22 17:18:19.125680+00:00,Update documentation for core module in Credit Fraud Detection Engine,3,17,172,19,87,2025,5,2025-05,0,1
558,2,1,d42026c7,Developer Profile,dev@intelligence.platform,2025-05-23 14:56:55.132678+00:00,Refactor core module in Deep Timeseries Forecasting,4,14,44,6,55,2025,5,2025-05,0,1
107,1,1,97bccb7b,Developer Profile,dev@intelligence.platform,2025-05-23 21:45:05.125680+00:00,Implement core module in Credit Fraud Detection Engine,4,21,48,46,209,2025,5,2025-05,0,0
559,2,1,7abdc087,Developer Profile,dev@intelligence.platform,2025-05-25 11:48:03.132678+00:00,Implement core module in Deep Timeseries Forecasting,6,11,84,2,104,2025,5,2025-05,1,0
1340,5,1,493a26c5,Developer Profile,dev@intelligence.platform,2025-05-25 14:19:46.143646+00:00,Add unit tests for core module in Sql Analytics Templates,6,14,134,27,194,2025,5,2025-05,1,0
955,3,1,e40a36c5,Developer Profile,dev@intelligence.platform,2025-05-25 15:27:34.138678+00:00,Implement core module in Clinical Nlp Pipeline,6,15,85,18,193,2025,5,2025-05,1,0
1146,4,1,f7e696a8,Developer Profile,dev@intelligence.platform,2025-05-26 11:04:07.141072+00:00,Refactor core module in Customer Churn Propensity Analytics,0,11,160,33,108,2025,5,2025-05,0,1
560,2,1,4881ead8,Developer Profile,dev@intelligence.platform,2025-05-26 11:13:27.132678+00:00,Update documentation for core module in Deep Timeseries Forecasting,0,11,174,38,109,2025,5,2025-05,0,1
1147,4,1,f8f20bcf,Developer Profile,dev@intelligence.platform,2025-05-26 19:23:13.141072+00:00,Implement core module in Customer Churn Propensity Analytics,0,19,179,47,127,2025,5,2025-05,0,0
108,1,1,8501ef51,Developer Profile,dev@intelligence.platform,2025-05-26 21:45:03.125680+00:00,Upgrade dependencies for core module in Credit Fraud Detection Engine,0,21,15,28,78,2025,5,2025-05,0,0
1148,4,1,e08dbc90,Developer Profile,dev@intelligence.platform,2025-05-28 14:41:15.141072+00:00,Optimize core module in Customer Churn Propensity Analytics,2,14,45,11,136,2025,5,2025-05,0,1
1341,5,1,64c7fa51,Developer Profile,dev@intelligence.platform,2025-05-28 17:02:25.143646+00:00,Add unit tests for core module in Sql Analytics Templates,2,17,143,11,154,2025,5,2025-05,0,1
109,1,1,d4d060b6,Developer Profile,dev@intelligence.platform,2025-05-28 17:34:35.125680+00:00,Update documentation for core module in Credit Fraud Detection Engine,2,17,170,51,190,2025,5,2025-05,0,1
561,2,1,9460ae25,Developer Profile,dev@intelligence.platform,2025-06-01 17:22:12.132678+00:00,Upgrade dependencies for core module in Deep Timeseries Forecasting,6,17,142,21,36,2025,6,2025-06,1,0
956,3,1,893cddd6,Developer Profile,dev@intelligence.platform,2025-06-01 21:14:46.138678+00:00,Add unit tests for core module in Clinical Nlp Pipeline,6,21,81,11,81,2025,6,2025-06,1,0
110,1,1,0b667225,Developer Profile,dev@intelligence.platform,2025-06-02 15:27:08.125680+00:00,Benchmark core module in Credit Fraud Detection Engine,0,15,156,28,236,2025,6,2025-06,0,1
957,3,1,8655894c,Developer Profile,dev@intelligence.platform,2025-06-03 10:15:48.138678+00:00,Update documentation for core module in Clinical Nlp Pipeline,1,10,134,35,28,2025,6,2025-06,0,1
111,1,1,85c34b62,Developer Profile,dev@intelligence.platform,2025-06-03 15:49:31.125680+00:00,Benchmark core module in Credit Fraud Detection Engine,1,15,56,11,176,2025,6,2025-06,0,1
112,1,1,a25e3a7c,Developer Profile,dev@intelligence.platform,2025-06-03 19:59:01.125680+00:00,Implement core module in Credit Fraud Detection Engine,1,19,171,42,237,2025,6,2025-06,0,0
113,1,1,6a89205a,Developer Profile,dev@intelligence.platform,2025-06-03 21:18:24.125680+00:00,Fix bug in core module in Credit Fraud Detection Engine,1,21,19,47,83,2025,6,2025-06,0,0
1342,5,1,6c4ca132,Developer Profile,dev@intelligence.platform,2025-06-04 09:21:34.143646+00:00,Add unit tests for core module in Sql Analytics Templates,2,9,53,54,150,2025,6,2025-06,0,1
958,3,1,c5ba29d3,Developer Profile,dev@intelligence.platform,2025-06-04 17:25:50.138678+00:00,Update documentation for core module in Clinical Nlp Pipeline,2,17,168,16,98,2025,6,2025-06,0,1
114,1,1,a260892e,Developer Profile,dev@intelligence.platform,2025-06-06 17:33:55.125680+00:00,Optimize core module in Credit Fraud Detection Engine,4,17,128,17,65,2025,6,2025-06,0,1
115,1,1,17825037,Developer Profile,dev@intelligence.platform,2025-06-06 21:22:32.125680+00:00,Update documentation for core module in Credit Fraud Detection Engine,4,21,171,19,111,2025,6,2025-06,0,0
116,1,1,2b959fd8,Developer Profile,dev@intelligence.platform,2025-06-06 22:16:55.125680+00:00,Update documentation for core module in Credit Fraud Detection Engine,4,22,34,37,221,2025,6,2025-06,0,0
562,2,1,dc287a3f,Developer Profile,dev@intelligence.platform,2025-06-06 22:58:37.132678+00:00,Add unit tests for core module in Deep Timeseries Forecasting,4,22,151,4,51,2025,6,2025-06,0,0
959,3,1,f588d449,Developer Profile,dev@intelligence.platform,2025-06-07 17:44:55.138678+00:00,Refactor core module in Clinical Nlp Pipeline,5,17,116,42,49,2025,6,2025-06,1,0
117,1,1,f933010d,Developer Profile,dev@intelligence.platform,2025-06-09 09:42:22.125680+00:00,Refactor core module in Credit Fraud Detection Engine,0,9,180,17,72,2025,6,2025-06,0,1
118,1,1,2f137268,Developer Profile,dev@intelligence.platform,2025-06-09 14:59:41.125680+00:00,Benchmark core module in Credit Fraud Detection Engine,0,14,107,38,188,2025,6,2025-06,0,1
563,2,1,33665fd6,Developer Profile,dev@intelligence.platform,2025-06-09 21:33:29.132678+00:00,Optimize core module in Deep Timeseries Forecasting,0,21,66,58,211,2025,6,2025-06,0,0
1343,5,1,539979d0,Developer Profile,dev@intelligence.platform,2025-06-11 16:56:43.143646+00:00,Refactor core module in Sql Analytics Templates,2,16,137,50,185,2025,6,2025-06,0,1
1344,5,1,93a63c40,Developer Profile,dev@intelligence.platform,2025-06-11 21:46:46.143646+00:00,Update documentation for core module in Sql Analytics Templates,2,21,21,23,170,2025,6,2025-06,0,0
1345,5,1,4c758b54,Developer Profile,dev@intelligence.platform,2025-06-12 10:33:09.143646+00:00,Add unit tests for core module in Sql Analytics Templates,3,10,11,10,82,2025,6,2025-06,0,1
564,2,1,1d27d75f,Developer Profile,dev@intelligence.platform,2025-06-12 21:50:25.132678+00:00,Implement core module in Deep Timeseries Forecasting,3,21,56,41,157,2025,6,2025-06,0,0
119,1,1,0a24ca4c,Developer Profile,dev@intelligence.platform,2025-06-13 17:12:27.125680+00:00,Implement core module in Credit Fraud Detection Engine,4,17,180,26,77,2025,6,2025-06,0,1
120,1,1,49001328,Developer Profile,dev@intelligence.platform,2025-06-13 21:13:59.125680+00:00,Upgrade dependencies for core module in Credit Fraud Detection Engine,4,21,146,57,205,2025,6,2025-06,0,0
1346,5,1,7229f072,Developer Profile,dev@intelligence.platform,2025-06-14 11:48:35.143646+00:00,Implement core module in Sql Analytics Templates,5,11,94,30,64,2025,6,2025-06,1,0
1347,5,1,c133ba4a,Developer Profile,dev@intelligence.platform,2025-06-14 21:03:24.143646+00:00,Add unit tests for core module in Sql Analytics Templates,5,21,161,38,67,2025,6,2025-06,1,0
1348,5,1,136961b1,Developer Profile,dev@intelligence.platform,2025-06-15 10:14:38.143646+00:00,Optimize core module in Sql Analytics Templates,6,10,176,19,229,2025,6,2025-06,1,0
565,2,1,46375fcc,Developer Profile,dev@intelligence.platform,2025-06-15 16:05:04.132678+00:00,Upgrade dependencies for core module in Deep Timeseries Forecasting,6,16,94,15,170,2025,6,2025-06,1,0
960,3,1,a5660d24,Developer Profile,dev@intelligence.platform,2025-06-16 22:13:11.138678+00:00,Update documentation for core module in Clinical Nlp Pipeline,0,22,31,22,156,2025,6,2025-06,0,0
566,2,1,dc6505e9,Developer Profile,dev@intelligence.platform,2025-06-17 09:11:26.132678+00:00,Update documentation for core module in Deep Timeseries Forecasting,1,9,67,41,114,2025,6,2025-06,0,1
567,2,1,e1ce1875,Developer Profile,dev@intelligence.platform,2025-06-17 15:23:23.132678+00:00,Upgrade dependencies for core module in Deep Timeseries Forecasting,1,15,139,11,171,2025,6,2025-06,0,1
1349,5,1,d57698fa,Developer Profile,dev@intelligence.platform,2025-06-17 17:37:38.143646+00:00,Update documentation for core module in Sql Analytics Templates,1,17,23,32,178,2025,6,2025-06,0,1
1350,5,1,9c8a34f2,Developer Profile,dev@intelligence.platform,2025-06-18 10:02:37.143646+00:00,Implement core module in Sql Analytics Templates,2,10,89,56,101,2025,6,2025-06,0,1
121,1,1,b63a4135,Developer Profile,dev@intelligence.platform,2025-06-18 10:13:36.125680+00:00,Benchmark core module in Credit Fraud Detection Engine,2,10,155,31,164,2025,6,2025-06,0,1
122,1,1,1ac56dcb,Developer Profile,dev@intelligence.platform,2025-06-18 17:25:26.125680+00:00,Update documentation for core module in Credit Fraud Detection Engine,2,17,122,20,155,2025,6,2025-06,0,1
568,2,1,751f35a4,Developer Profile,dev@intelligence.platform,2025-06-19 10:53:01.132678+00:00,Benchmark core module in Deep Timeseries Forecasting,3,10,108,41,28,2025,6,2025-06,0,1
961,3,1,bc92091b,Developer Profile,dev@intelligence.platform,2025-06-19 14:36:58.138678+00:00,Benchmark core module in Clinical Nlp Pipeline,3,14,127,21,233,2025,6,2025-06,0,1
569,2,1,719720a3,Developer Profile,dev@intelligence.platform,2025-06-19 16:09:28.132678+00:00,Add unit tests for core module in Deep Timeseries Forecasting,3,16,172,20,127,2025,6,2025-06,0,1
123,1,1,63410017,Developer Profile,dev@intelligence.platform,2025-06-19 17:19:22.125680+00:00,Optimize core module in Credit Fraud Detection Engine,3,17,163,13,23,2025,6,2025-06,0,1
570,2,1,eda3ddec,Developer Profile,dev@intelligence.platform,2025-06-20 11:14:07.132678+00:00,Fix bug in core module in Deep Timeseries Forecasting,4,11,174,43,57,2025,6,2025-06,0,1
571,2,1,3fcd9f65,Developer Profile,dev@intelligence.platform,2025-06-21 19:35:57.132678+00:00,Upgrade dependencies for core module in Deep Timeseries Forecasting,5,19,160,20,187,2025,6,2025-06,1,0
1351,5,1,91c40ddd,Developer Profile,dev@intelligence.platform,2025-06-21 22:42:42.143646+00:00,Benchmark core module in Sql Analytics Templates,5,22,178,27,42,2025,6,2025-06,1,0
1352,5,1,f89fe30a,Developer Profile,dev@intelligence.platform,2025-06-22 09:52:26.143646+00:00,Implement core module in Sql Analytics Templates,6,9,124,18,196,2025,6,2025-06,1,0
572,2,1,70b06b3a,Developer Profile,dev@intelligence.platform,2025-06-23 09:35:31.132678+00:00,Add unit tests for core module in Deep Timeseries Forecasting,0,9,169,16,179,2025,6,2025-06,0,1
962,3,1,dddf4126,Developer Profile,dev@intelligence.platform,2025-06-23 11:42:31.138678+00:00,Update documentation for core module in Clinical Nlp Pipeline,0,11,96,49,102,2025,6,2025-06,0,1
124,1,1,cc4d416a,Developer Profile,dev@intelligence.platform,2025-06-23 14:49:46.125680+00:00,Fix bug in core module in Credit Fraud Detection Engine,0,14,19,23,205,2025,6,2025-06,0,1
125,1,1,0561b8bc,Developer Profile,dev@intelligence.platform,2025-06-24 09:28:23.125680+00:00,Optimize core module in Credit Fraud Detection Engine,1,9,96,29,179,2025,6,2025-06,0,1
126,1,1,755ebc3e,Developer Profile,dev@intelligence.platform,2025-06-25 09:08:44.125680+00:00,Update documentation for core module in Credit Fraud Detection Engine,2,9,27,39,18,2025,6,2025-06,0,1
1353,5,1,912712e2,Developer Profile,dev@intelligence.platform,2025-06-25 11:27:15.143646+00:00,Benchmark core module in Sql Analytics Templates,2,11,121,22,186,2025,6,2025-06,0,1
573,2,1,14e64e20,Developer Profile,dev@intelligence.platform,2025-06-25 17:23:48.132678+00:00,Fix bug in core module in Deep Timeseries Forecasting,2,17,45,8,125,2025,6,2025-06,0,1
574,2,1,9e3330cb,Developer Profile,dev@intelligence.platform,2025-06-27 09:58:31.132678+00:00,Refactor core module in Deep Timeseries Forecasting,4,9,140,37,44,2025,6,2025-06,0,1
127,1,1,7f93d163,Developer Profile,dev@intelligence.platform,2025-06-27 11:28:08.125680+00:00,Optimize core module in Credit Fraud Detection Engine,4,11,58,38,23,2025,6,2025-06,0,1
575,2,1,1dbc19c7,Developer Profile,dev@intelligence.platform,2025-06-28 14:52:12.132678+00:00,Fix bug in core module in Deep Timeseries Forecasting,5,14,167,25,46,2025,6,2025-06,1,0
128,1,1,688c960f,Developer Profile,dev@intelligence.platform,2025-06-28 22:26:45.125680+00:00,Optimize core module in Credit Fraud Detection Engine,5,22,41,56,38,2025,6,2025-06,1,0
129,1,1,242e8427,Developer Profile,dev@intelligence.platform,2025-07-01 09:57:07.125680+00:00,Fix bug in core module in Credit Fraud Detection Engine,1,9,105,47,71,2025,7,2025-07,0,1
1354,5,1,88cc448d,Developer Profile,dev@intelligence.platform,2025-07-01 14:33:30.143646+00:00,Fix bug in core module in Sql Analytics Templates,1,14,80,17,193,2025,7,2025-07,0,1
130,1,1,f1dc75d8,Developer Profile,dev@intelligence.platform,2025-07-01 15:16:12.125680+00:00,Implement core module in Credit Fraud Detection Engine,1,15,31,15,222,2025,7,2025-07,0,1
131,1,1,44b24c2a,Developer Profile,dev@intelligence.platform,2025-07-01 19:26:44.125680+00:00,Implement core module in Credit Fraud Detection Engine,1,19,174,51,60,2025,7,2025-07,0,0
576,2,1,330b0eea,Developer Profile,dev@intelligence.platform,2025-07-03 10:30:14.132678+00:00,Add unit tests for core module in Deep Timeseries Forecasting,3,10,169,57,158,2025,7,2025-07,0,1
963,3,1,0694a5f9,Developer Profile,dev@intelligence.platform,2025-07-03 16:47:42.138678+00:00,Update documentation for core module in Clinical Nlp Pipeline,3,16,129,38,135,2025,7,2025-07,0,1
577,2,1,d68a8868,Developer Profile,dev@intelligence.platform,2025-07-03 17:32:14.132678+00:00,Optimize core module in Deep Timeseries Forecasting,3,17,131,10,153,2025,7,2025-07,0,1
578,2,1,ed123142,Developer Profile,dev@intelligence.platform,2025-07-05 15:00:11.132678+00:00,Fix bug in core module in Deep Timeseries Forecasting,5,15,174,22,64,2025,7,2025-07,1,0
579,2,1,2a55a73e,Developer Profile,dev@intelligence.platform,2025-07-05 21:33:00.132678+00:00,Implement core module in Deep Timeseries Forecasting,5,21,54,59,183,2025,7,2025-07,1,0
964,3,1,9926c30a,Developer Profile,dev@intelligence.platform,2025-07-06 14:55:18.138678+00:00,Refactor core module in Clinical Nlp Pipeline,6,14,48,56,34,2025,7,2025-07,1,0
1149,4,1,c5e8d5a0,Developer Profile,dev@intelligence.platform,2025-07-07 10:12:50.141072+00:00,Update documentation for core module in Customer Churn Propensity Analytics,0,10,140,5,106,2025,7,2025-07,0,1
580,2,1,cb028bcf,Developer Profile,dev@intelligence.platform,2025-07-07 11:15:22.132678+00:00,Update documentation for core module in Deep Timeseries Forecasting,0,11,21,57,191,2025,7,2025-07,0,1
132,1,1,a66bfc2d,Developer Profile,dev@intelligence.platform,2025-07-07 14:35:13.125680+00:00,Optimize core module in Credit Fraud Detection Engine,0,14,103,57,173,2025,7,2025-07,0,1
581,2,1,18c9b3d0,Developer Profile,dev@intelligence.platform,2025-07-07 14:58:10.132678+00:00,Benchmark core module in Deep Timeseries Forecasting,0,14,57,31,25,2025,7,2025-07,0,1
582,2,1,e4d2bb32,Developer Profile,dev@intelligence.platform,2025-07-07 15:02:35.132678+00:00,Upgrade dependencies for core module in Deep Timeseries Forecasting,0,15,37,49,178,2025,7,2025-07,0,1
583,2,1,b823a5dc,Developer Profile,dev@intelligence.platform,2025-07-07 16:39:34.132678+00:00,Add unit tests for core module in Deep Timeseries Forecasting,0,16,127,27,186,2025,7,2025-07,0,1
133,1,1,ee8ef5a1,Developer Profile,dev@intelligence.platform,2025-07-07 17:06:25.125680+00:00,Optimize core module in Credit Fraud Detection Engine,0,17,55,29,56,2025,7,2025-07,0,1
134,1,1,ed8b0f8e,Developer Profile,dev@intelligence.platform,2025-07-08 16:50:51.125680+00:00,Optimize core module in Credit Fraud Detection Engine,1,16,55,37,216,2025,7,2025-07,0,1
584,2,1,871f0dc0,Developer Profile,dev@intelligence.platform,2025-07-08 17:29:13.132678+00:00,Update documentation for core module in Deep Timeseries Forecasting,1,17,98,25,194,2025,7,2025-07,0,1
585,2,1,ec6d4d2d,Developer Profile,dev@intelligence.platform,2025-07-08 22:49:34.132678+00:00,Implement core module in Deep Timeseries Forecasting,1,22,26,42,193,2025,7,2025-07,0,0
586,2,1,ae760cb3,Developer Profile,dev@intelligence.platform,2025-07-09 09:01:57.132678+00:00,Add unit tests for core module in Deep Timeseries Forecasting,2,9,36,50,67,2025,7,2025-07,0,1
587,2,1,7760c5ef,Developer Profile,dev@intelligence.platform,2025-07-11 15:32:43.132678+00:00,Add unit tests for core module in Deep Timeseries Forecasting,4,15,111,2,232,2025,7,2025-07,0,1
135,1,1,a3911695,Developer Profile,dev@intelligence.platform,2025-07-11 22:03:46.125680+00:00,Update documentation for core module in Credit Fraud Detection Engine,4,22,22,12,41,2025,7,2025-07,0,0
965,3,1,07e29e0f,Developer Profile,dev@intelligence.platform,2025-07-12 10:38:45.138678+00:00,Implement core module in Clinical Nlp Pipeline,5,10,167,17,128,2025,7,2025-07,1,0
588,2,1,310b9456,Developer Profile,dev@intelligence.platform,2025-07-12 16:10:30.132678+00:00,Optimize core module in Deep Timeseries Forecasting,5,16,167,17,104,2025,7,2025-07,1,0
136,1,1,851e8c38,Developer Profile,dev@intelligence.platform,2025-07-12 16:21:28.125680+00:00,Benchmark core module in Credit Fraud Detection Engine,5,16,37,31,237,2025,7,2025-07,1,0
589,2,1,96501bf9,Developer Profile,dev@intelligence.platform,2025-07-12 21:16:36.132678+00:00,Implement core module in Deep Timeseries Forecasting,5,21,164,59,222,2025,7,2025-07,1,0
590,2,1,84616ccf,Developer Profile,dev@intelligence.platform,2025-07-13 09:09:56.132678+00:00,Optimize core module in Deep Timeseries Forecasting,6,9,30,6,222,2025,7,2025-07,1,0
591,2,1,dddf44b5,Developer Profile,dev@intelligence.platform,2025-07-13 10:44:24.132678+00:00,Add unit tests for core module in Deep Timeseries Forecasting,6,10,40,14,47,2025,7,2025-07,1,0
1355,5,1,e053aa00,Developer Profile,dev@intelligence.platform,2025-07-13 16:18:59.143646+00:00,Update documentation for core module in Sql Analytics Templates,6,16,59,46,222,2025,7,2025-07,1,0
966,3,1,87302456,Developer Profile,dev@intelligence.platform,2025-07-13 16:51:27.138678+00:00,Upgrade dependencies for core module in Clinical Nlp Pipeline,6,16,159,38,239,2025,7,2025-07,1,0
1356,5,1,1a5db0e2,Developer Profile,dev@intelligence.platform,2025-07-14 09:37:37.143646+00:00,Optimize core module in Sql Analytics Templates,0,9,89,28,171,2025,7,2025-07,0,1
137,1,1,6344e334,Developer Profile,dev@intelligence.platform,2025-07-14 09:52:07.125680+00:00,Upgrade dependencies for core module in Credit Fraud Detection Engine,0,9,118,23,65,2025,7,2025-07,0,1
592,2,1,4d057ebe,Developer Profile,dev@intelligence.platform,2025-07-15 17:03:45.132678+00:00,Update documentation for core module in Deep Timeseries Forecasting,1,17,86,29,180,2025,7,2025-07,0,1
593,2,1,34c167ca,Developer Profile,dev@intelligence.platform,2025-07-15 19:13:44.132678+00:00,Upgrade dependencies for core module in Deep Timeseries Forecasting,1,19,26,14,232,2025,7,2025-07,0,0
138,1,1,a3b6cbe5,Developer Profile,dev@intelligence.platform,2025-07-15 19:16:16.125680+00:00,Upgrade dependencies for core module in Credit Fraud Detection Engine,1,19,119,55,152,2025,7,2025-07,0,0
139,1,1,718d9805,Developer Profile,dev@intelligence.platform,2025-07-16 11:47:32.125680+00:00,Fix bug in core module in Credit Fraud Detection Engine,2,11,70,26,231,2025,7,2025-07,0,1
594,2,1,eb15a8fc,Developer Profile,dev@intelligence.platform,2025-07-16 19:33:14.132678+00:00,Benchmark core module in Deep Timeseries Forecasting,2,19,92,59,155,2025,7,2025-07,0,0
1150,4,1,e2e45c12,Developer Profile,dev@intelligence.platform,2025-07-16 21:20:48.141072+00:00,Refactor core module in Customer Churn Propensity Analytics,2,21,34,36,114,2025,7,2025-07,0,0
1357,5,1,ba125860,Developer Profile,dev@intelligence.platform,2025-07-17 11:37:05.143646+00:00,Upgrade dependencies for core module in Sql Analytics Templates,3,11,174,25,101,2025,7,2025-07,0,1
595,2,1,e73bce7d,Developer Profile,dev@intelligence.platform,2025-07-17 11:46:35.132678+00:00,Optimize core module in Deep Timeseries Forecasting,3,11,168,2,228,2025,7,2025-07,0,1
1151,4,1,5a991d9c,Developer Profile,dev@intelligence.platform,2025-07-17 19:22:37.141072+00:00,Upgrade dependencies for core module in Customer Churn Propensity Analytics,3,19,34,15,119,2025,7,2025-07,0,0
967,3,1,e5809d02,Developer Profile,dev@intelligence.platform,2025-07-18 17:37:48.138678+00:00,Fix bug in core module in Clinical Nlp Pipeline,4,17,129,23,56,2025,7,2025-07,0,1
968,3,1,5c34862c,Developer Profile,dev@intelligence.platform,2025-07-19 11:33:48.138678+00:00,Fix bug in core module in Clinical Nlp Pipeline,5,11,122,53,88,2025,7,2025-07,1,0
596,2,1,4de9859d,Developer Profile,dev@intelligence.platform,2025-07-19 16:31:33.132678+00:00,Benchmark core module in Deep Timeseries Forecasting,5,16,115,34,230,2025,7,2025-07,1,0
1152,4,1,3ee016f5,Developer Profile,dev@intelligence.platform,2025-07-19 21:28:49.141072+00:00,Benchmark core module in Customer Churn Propensity Analytics,5,21,42,6,235,2025,7,2025-07,1,0
597,2,1,7cdd8e48,Developer Profile,dev@intelligence.platform,2025-07-20 14:37:30.132678+00:00,Refactor core module in Deep Timeseries Forecasting,6,14,111,39,91,2025,7,2025-07,1,0
598,2,1,760d1d11,Developer Profile,dev@intelligence.platform,2025-07-21 10:12:53.132678+00:00,Update documentation for core module in Deep Timeseries Forecasting,0,10,37,58,128,2025,7,2025-07,0,1
969,3,1,0c3c82ba,Developer Profile,dev@intelligence.platform,2025-07-21 10:46:07.138678+00:00,Optimize core module in Clinical Nlp Pipeline,0,10,116,12,45,2025,7,2025-07,0,1
140,1,1,eabc62f3,Developer Profile,dev@intelligence.platform,2025-07-21 22:05:48.125680+00:00,Implement core module in Credit Fraud Detection Engine,0,22,95,35,93,2025,7,2025-07,0,0
141,1,1,d8bece0d,Developer Profile,dev@intelligence.platform,2025-07-22 15:09:26.125680+00:00,Benchmark core module in Credit Fraud Detection Engine,1,15,111,47,179,2025,7,2025-07,0,1
599,2,1,5956f55f,Developer Profile,dev@intelligence.platform,2025-07-22 15:24:10.132678+00:00,Refactor core module in Deep Timeseries Forecasting,1,15,153,52,129,2025,7,2025-07,0,1
142,1,1,c40835b1,Developer Profile,dev@intelligence.platform,2025-07-22 19:38:27.125680+00:00,Implement core module in Credit Fraud Detection Engine,1,19,29,9,31,2025,7,2025-07,0,0
1358,5,1,8ed3eb01,Developer Profile,dev@intelligence.platform,2025-07-22 22:03:09.143646+00:00,Fix bug in core module in Sql Analytics Templates,1,22,65,29,63,2025,7,2025-07,0,0
970,3,1,ecc10677,Developer Profile,dev@intelligence.platform,2025-07-23 11:19:34.138678+00:00,Fix bug in core module in Clinical Nlp Pipeline,2,11,86,5,90,2025,7,2025-07,0,1
1359,5,1,b2dbac9d,Developer Profile,dev@intelligence.platform,2025-07-24 11:33:56.143646+00:00,Upgrade dependencies for core module in Sql Analytics Templates,3,11,31,18,104,2025,7,2025-07,0,1
971,3,1,c0bf0eb2,Developer Profile,dev@intelligence.platform,2025-07-24 15:31:28.138678+00:00,Add unit tests for core module in Clinical Nlp Pipeline,3,15,77,39,80,2025,7,2025-07,0,1
600,2,1,faefab0d,Developer Profile,dev@intelligence.platform,2025-07-24 19:43:48.132678+00:00,Update documentation for core module in Deep Timeseries Forecasting,3,19,165,49,17,2025,7,2025-07,0,0
1153,4,1,c2c28cf3,Developer Profile,dev@intelligence.platform,2025-07-25 14:43:03.141072+00:00,Implement core module in Customer Churn Propensity Analytics,4,14,81,32,64,2025,7,2025-07,0,1
601,2,1,0c5f1018,Developer Profile,dev@intelligence.platform,2025-07-25 15:44:46.132678+00:00,Fix bug in core module in Deep Timeseries Forecasting,4,15,131,36,85,2025,7,2025-07,0,1
143,1,1,e9e91360,Developer Profile,dev@intelligence.platform,2025-07-26 17:12:35.125680+00:00,Update documentation for core module in Credit Fraud Detection Engine,5,17,136,5,185,2025,7,2025-07,1,0
972,3,1,1f29c759,Developer Profile,dev@intelligence.platform,2025-07-26 22:56:48.138678+00:00,Implement core module in Clinical Nlp Pipeline,5,22,171,58,107,2025,7,2025-07,1,0
144,1,1,cb6a3fc0,Developer Profile,dev@intelligence.platform,2025-07-27 15:31:04.125680+00:00,Implement core module in Credit Fraud Detection Engine,6,15,157,30,126,2025,7,2025-07,1,0
602,2,1,38f4af3f,Developer Profile,dev@intelligence.platform,2025-07-27 22:44:09.132678+00:00,Update documentation for core module in Deep Timeseries Forecasting,6,22,141,20,104,2025,7,2025-07,1,0
145,1,1,d55beabe,Developer Profile,dev@intelligence.platform,2025-07-28 10:37:34.125680+00:00,Fix bug in core module in Credit Fraud Detection Engine,0,10,179,20,196,2025,7,2025-07,0,1
146,1,1,72fbdca4,Developer Profile,dev@intelligence.platform,2025-08-01 10:36:11.125680+00:00,Refactor core module in Credit Fraud Detection Engine,4,10,151,50,122,2025,8,2025-08,0,1
603,2,1,2b1ec958,Developer Profile,dev@intelligence.platform,2025-08-01 15:04:02.132678+00:00,Implement core module in Deep Timeseries Forecasting,4,15,66,27,217,2025,8,2025-08,0,1
604,2,1,3c37f542,Developer Profile,dev@intelligence.platform,2025-08-01 16:55:57.132678+00:00,Optimize core module in Deep Timeseries Forecasting,4,16,34,40,220,2025,8,2025-08,0,1
605,2,1,d1b8efa4,Developer Profile,dev@intelligence.platform,2025-08-02 10:58:53.132678+00:00,Optimize core module in Deep Timeseries Forecasting,5,10,164,22,57,2025,8,2025-08,1,0
606,2,1,f40261bb,Developer Profile,dev@intelligence.platform,2025-08-02 11:21:21.132678+00:00,Benchmark core module in Deep Timeseries Forecasting,5,11,116,51,156,2025,8,2025-08,1,0
147,1,1,c7606b74,Developer Profile,dev@intelligence.platform,2025-08-02 19:05:34.125680+00:00,Implement core module in Credit Fraud Detection Engine,5,19,158,50,49,2025,8,2025-08,1,0
973,3,1,8b33ae5b,Developer Profile,dev@intelligence.platform,2025-08-03 09:10:15.138678+00:00,Update documentation for core module in Clinical Nlp Pipeline,6,9,43,24,120,2025,8,2025-08,1,0
607,2,1,fa9e917d,Developer Profile,dev@intelligence.platform,2025-08-03 10:05:57.132678+00:00,Add unit tests for core module in Deep Timeseries Forecasting,6,10,129,41,34,2025,8,2025-08,1,0
148,1,1,39cbb410,Developer Profile,dev@intelligence.platform,2025-08-03 10:34:15.125680+00:00,Optimize core module in Credit Fraud Detection Engine,6,10,93,26,163,2025,8,2025-08,1,0
149,1,1,16d85da6,Developer Profile,dev@intelligence.platform,2025-08-03 14:37:25.125680+00:00,Update documentation for core module in Credit Fraud Detection Engine,6,14,65,34,140,2025,8,2025-08,1,0
1154,4,1,fcf18a25,Developer Profile,dev@intelligence.platform,2025-08-03 14:56:37.141072+00:00,Refactor core module in Customer Churn Propensity Analytics,6,14,148,58,225,2025,8,2025-08,1,0
150,1,1,710249be,Developer Profile,dev@intelligence.platform,2025-08-04 11:30:14.125680+00:00,Fix bug in core module in Credit Fraud Detection Engine,0,11,126,7,216,2025,8,2025-08,0,1
151,1,1,b4539eb3,Developer Profile,dev@intelligence.platform,2025-08-04 17:10:04.125680+00:00,Upgrade dependencies for core module in Credit Fraud Detection Engine,0,17,150,45,106,2025,8,2025-08,0,1
152,1,1,ab2158b9,Developer Profile,dev@intelligence.platform,2025-08-04 21:38:54.125680+00:00,Optimize core module in Credit Fraud Detection Engine,0,21,22,60,179,2025,8,2025-08,0,0
608,2,1,f8906b20,Developer Profile,dev@intelligence.platform,2025-08-06 17:37:34.132678+00:00,Optimize core module in Deep Timeseries Forecasting,2,17,57,37,87,2025,8,2025-08,0,1
609,2,1,ce466a15,Developer Profile,dev@intelligence.platform,2025-08-06 19:56:46.132678+00:00,Optimize core module in Deep Timeseries Forecasting,2,19,58,30,20,2025,8,2025-08,0,0
610,2,1,eda5f63b,Developer Profile,dev@intelligence.platform,2025-08-08 21:14:49.132678+00:00,Update documentation for core module in Deep Timeseries Forecasting,4,21,61,60,224,2025,8,2025-08,0,0
1155,4,1,f8fac33d,Developer Profile,dev@intelligence.platform,2025-08-09 17:23:31.141072+00:00,Add unit tests for core module in Customer Churn Propensity Analytics,5,17,140,56,67,2025,8,2025-08,1,0
153,1,1,445c1bd8,Developer Profile,dev@intelligence.platform,2025-08-09 22:28:08.125680+00:00,Benchmark core module in Credit Fraud Detection Engine,5,22,151,6,182,2025,8,2025-08,1,0
1360,5,1,0475206b,Developer Profile,dev@intelligence.platform,2025-08-10 15:54:46.143646+00:00,Update documentation for core module in Sql Analytics Templates,6,15,57,52,34,2025,8,2025-08,1,0
154,1,1,cbcd7ee9,Developer Profile,dev@intelligence.platform,2025-08-11 14:48:17.125680+00:00,Implement core module in Credit Fraud Detection Engine,0,14,98,40,169,2025,8,2025-08,0,1
611,2,1,ff75572c,Developer Profile,dev@intelligence.platform,2025-08-11 16:10:06.132678+00:00,Add unit tests for core module in Deep Timeseries Forecasting,0,16,122,40,182,2025,8,2025-08,0,1
612,2,1,2c108c1e,Developer Profile,dev@intelligence.platform,2025-08-12 16:56:02.132678+00:00,Update documentation for core module in Deep Timeseries Forecasting,1,16,58,41,121,2025,8,2025-08,0,1
613,2,1,8a973937,Developer Profile,dev@intelligence.platform,2025-08-12 21:35:58.132678+00:00,Fix bug in core module in Deep Timeseries Forecasting,1,21,114,38,170,2025,8,2025-08,0,0
1156,4,1,827caa20,Developer Profile,dev@intelligence.platform,2025-08-13 16:29:04.141072+00:00,Benchmark core module in Customer Churn Propensity Analytics,2,16,93,22,52,2025,8,2025-08,0,1
614,2,1,fc1fc764,Developer Profile,dev@intelligence.platform,2025-08-13 17:51:38.132678+00:00,Benchmark core module in Deep Timeseries Forecasting,2,17,48,29,29,2025,8,2025-08,0,1
974,3,1,217f8dad,Developer Profile,dev@intelligence.platform,2025-08-13 19:46:48.138678+00:00,Benchmark core module in Clinical Nlp Pipeline,2,19,111,54,238,2025,8,2025-08,0,0
1361,5,1,0bb9c53c,Developer Profile,dev@intelligence.platform,2025-08-15 09:58:08.143646+00:00,Upgrade dependencies for core module in Sql Analytics Templates,4,9,56,14,206,2025,8,2025-08,0,1
615,2,1,b95668c0,Developer Profile,dev@intelligence.platform,2025-08-15 14:10:07.132678+00:00,Implement core module in Deep Timeseries Forecasting,4,14,62,43,31,2025,8,2025-08,0,1
616,2,1,5df308f6,Developer Profile,dev@intelligence.platform,2025-08-15 22:01:53.132678+00:00,Optimize core module in Deep Timeseries Forecasting,4,22,140,51,134,2025,8,2025-08,0,0
1362,5,1,88d5c189,Developer Profile,dev@intelligence.platform,2025-08-16 21:46:25.143646+00:00,Upgrade dependencies for core module in Sql Analytics Templates,5,21,173,23,161,2025,8,2025-08,1,0
155,1,1,1c2a3772,Developer Profile,dev@intelligence.platform,2025-08-17 15:38:57.125680+00:00,Optimize core module in Credit Fraud Detection Engine,6,15,112,34,26,2025,8,2025-08,1,0
1157,4,1,832c9191,Developer Profile,dev@intelligence.platform,2025-08-18 17:36:59.141072+00:00,Benchmark core module in Customer Churn Propensity Analytics,0,17,48,3,224,2025,8,2025-08,0,1
617,2,1,ba31fba6,Developer Profile,dev@intelligence.platform,2025-08-19 16:36:38.132678+00:00,Optimize core module in Deep Timeseries Forecasting,1,16,163,57,233,2025,8,2025-08,0,1
618,2,1,25eb9aba,Developer Profile,dev@intelligence.platform,2025-08-20 22:40:42.132678+00:00,Fix bug in core module in Deep Timeseries Forecasting,2,22,46,58,81,2025,8,2025-08,0,0
619,2,1,a2a4e00a,Developer Profile,dev@intelligence.platform,2025-08-21 16:33:26.132678+00:00,Optimize core module in Deep Timeseries Forecasting,3,16,71,2,49,2025,8,2025-08,0,1
156,1,1,f022ae5f,Developer Profile,dev@intelligence.platform,2025-08-21 19:14:29.125680+00:00,Implement core module in Credit Fraud Detection Engine,3,19,96,33,230,2025,8,2025-08,0,0
157,1,1,a8336d5a,Developer Profile,dev@intelligence.platform,2025-08-21 19:15:33.125680+00:00,Add unit tests for core module in Credit Fraud Detection Engine,3,19,107,38,129,2025,8,2025-08,0,0
620,2,1,b6fb7a01,Developer Profile,dev@intelligence.platform,2025-08-22 14:34:35.132678+00:00,Upgrade dependencies for core module in Deep Timeseries Forecasting,4,14,171,26,27,2025,8,2025-08,0,1
621,2,1,11dffee6,Developer Profile,dev@intelligence.platform,2025-08-24 17:30:56.132678+00:00,Fix bug in core module in Deep Timeseries Forecasting,6,17,90,22,238,2025,8,2025-08,1,0
622,2,1,e26bad8c,Developer Profile,dev@intelligence.platform,2025-08-25 09:04:51.132678+00:00,Update documentation for core module in Deep Timeseries Forecasting,0,9,20,23,26,2025,8,2025-08,0,1
158,1,1,80cbe3b2,Developer Profile,dev@intelligence.platform,2025-08-25 11:45:34.125680+00:00,Update documentation for core module in Credit Fraud Detection Engine,0,11,164,41,61,2025,8,2025-08,0,1
623,2,1,15f1852e,Developer Profile,dev@intelligence.platform,2025-08-25 14:10:59.132678+00:00,Add unit tests for core module in Deep Timeseries Forecasting,0,14,73,27,33,2025,8,2025-08,0,1
624,2,1,db9f5557,Developer Profile,dev@intelligence.platform,2025-08-25 22:04:55.132678+00:00,Update documentation for core module in Deep Timeseries Forecasting,0,22,169,18,229,2025,8,2025-08,0,0
625,2,1,715d1365,Developer Profile,dev@intelligence.platform,2025-08-25 22:17:46.132678+00:00,Add unit tests for core module in Deep Timeseries Forecasting,0,22,53,14,149,2025,8,2025-08,0,0
626,2,1,1d6c4c12,Developer Profile,dev@intelligence.platform,2025-08-26 21:38:50.132678+00:00,Benchmark core module in Deep Timeseries Forecasting,1,21,158,45,136,2025,8,2025-08,0,0
1363,5,1,b4e3db55,Developer Profile,dev@intelligence.platform,2025-08-26 22:14:06.143646+00:00,Optimize core module in Sql Analytics Templates,1,22,23,41,203,2025,8,2025-08,0,0
627,2,1,99c66ae3,Developer Profile,dev@intelligence.platform,2025-08-26 22:16:44.132678+00:00,Benchmark core module in Deep Timeseries Forecasting,1,22,93,55,145,2025,8,2025-08,0,0
1364,5,1,b1f7b521,Developer Profile,dev@intelligence.platform,2025-08-27 14:53:53.143646+00:00,Benchmark core module in Sql Analytics Templates,2,14,66,37,63,2025,8,2025-08,0,1
1158,4,1,e5ddfe84,Developer Profile,dev@intelligence.platform,2025-08-28 10:53:20.141072+00:00,Upgrade dependencies for core module in Customer Churn Propensity Analytics,3,10,100,6,39,2025,8,2025-08,0,1
1159,4,1,ee1b8b0a,Developer Profile,dev@intelligence.platform,2025-08-28 22:09:03.141072+00:00,Add unit tests for core module in Customer Churn Propensity Analytics,3,22,84,54,218,2025,8,2025-08,0,0
628,2,1,37849c43,Developer Profile,dev@intelligence.platform,2025-09-01 11:36:46.132678+00:00,Update documentation for core module in Deep Timeseries Forecasting,0,11,86,46,102,2025,9,2025-09,0,1
159,1,1,9fff5191,Developer Profile,dev@intelligence.platform,2025-09-01 15:06:32.125680+00:00,Benchmark core module in Credit Fraud Detection Engine,0,15,114,17,226,2025,9,2025-09,0,1
160,1,1,5789f99a,Developer Profile,dev@intelligence.platform,2025-09-02 10:45:04.125680+00:00,Upgrade dependencies for core module in Credit Fraud Detection Engine,1,10,179,4,16,2025,9,2025-09,0,1
629,2,1,4d3ba709,Developer Profile,dev@intelligence.platform,2025-09-02 17:17:19.132678+00:00,Refactor core module in Deep Timeseries Forecasting,1,17,137,56,147,2025,9,2025-09,0,1
161,1,1,f6941961,Developer Profile,dev@intelligence.platform,2025-09-02 21:02:54.125680+00:00,Implement core module in Credit Fraud Detection Engine,1,21,138,51,88,2025,9,2025-09,0,0
162,1,1,4f5ac3d1,Developer Profile,dev@intelligence.platform,2025-09-03 10:02:45.125680+00:00,Update documentation for core module in Credit Fraud Detection Engine,2,10,145,31,237,2025,9,2025-09,0,1
975,3,1,b518cb12,Developer Profile,dev@intelligence.platform,2025-09-03 16:48:08.138678+00:00,Update documentation for core module in Clinical Nlp Pipeline,2,16,104,60,22,2025,9,2025-09,0,1
163,1,1,b42f7a60,Developer Profile,dev@intelligence.platform,2025-09-04 09:50:38.125680+00:00,Add unit tests for core module in Credit Fraud Detection Engine,3,9,15,18,27,2025,9,2025-09,0,1
1160,4,1,8cbfebd9,Developer Profile,dev@intelligence.platform,2025-09-06 19:20:22.141072+00:00,Benchmark core module in Customer Churn Propensity Analytics,5,19,42,23,130,2025,9,2025-09,1,0
1161,4,1,c4001fa2,Developer Profile,dev@intelligence.platform,2025-09-06 19:28:33.141072+00:00,Optimize core module in Customer Churn Propensity Analytics,5,19,22,14,19,2025,9,2025-09,1,0
164,1,1,7e65a529,Developer Profile,dev@intelligence.platform,2025-09-07 10:39:28.125680+00:00,Add unit tests for core module in Credit Fraud Detection Engine,6,10,173,29,137,2025,9,2025-09,1,0
630,2,1,56bc7c8b,Developer Profile,dev@intelligence.platform,2025-09-07 11:05:13.132678+00:00,Optimize core module in Deep Timeseries Forecasting,6,11,145,37,108,2025,9,2025-09,1,0
165,1,1,f2465e94,Developer Profile,dev@intelligence.platform,2025-09-07 11:57:49.125680+00:00,Update documentation for core module in Credit Fraud Detection Engine,6,11,141,29,96,2025,9,2025-09,1,0
1162,4,1,51393731,Developer Profile,dev@intelligence.platform,2025-09-07 22:23:54.141072+00:00,Update documentation for core module in Customer Churn Propensity Analytics,6,22,81,9,85,2025,9,2025-09,1,0
631,2,1,2c4a9da5,Developer Profile,dev@intelligence.platform,2025-09-08 11:21:54.132678+00:00,Implement core module in Deep Timeseries Forecasting,0,11,50,16,50,2025,9,2025-09,0,1
166,1,1,5c72bc01,Developer Profile,dev@intelligence.platform,2025-09-08 19:56:10.125680+00:00,Optimize core module in Credit Fraud Detection Engine,0,19,144,59,105,2025,9,2025-09,0,0
632,2,1,ec22012b,Developer Profile,dev@intelligence.platform,2025-09-09 10:57:59.132678+00:00,Refactor core module in Deep Timeseries Forecasting,1,10,85,43,114,2025,9,2025-09,0,1
167,1,1,c7b5fba5,Developer Profile,dev@intelligence.platform,2025-09-09 17:35:29.125680+00:00,Implement core module in Credit Fraud Detection Engine,1,17,66,30,105,2025,9,2025-09,0,1
633,2,1,208c97ee,Developer Profile,dev@intelligence.platform,2025-09-10 11:54:50.132678+00:00,Update documentation for core module in Deep Timeseries Forecasting,2,11,11,59,128,2025,9,2025-09,0,1
634,2,1,79271f19,Developer Profile,dev@intelligence.platform,2025-09-10 15:40:05.132678+00:00,Upgrade dependencies for core module in Deep Timeseries Forecasting,2,15,90,30,162,2025,9,2025-09,0,1
635,2,1,26ef964d,Developer Profile,dev@intelligence.platform,2025-09-10 22:29:46.132678+00:00,Upgrade dependencies for core module in Deep Timeseries Forecasting,2,22,14,36,212,2025,9,2025-09,0,0
636,2,1,6152ca48,Developer Profile,dev@intelligence.platform,2025-09-11 14:18:42.132678+00:00,Update documentation for core module in Deep Timeseries Forecasting,3,14,87,37,153,2025,9,2025-09,0,1
637,2,1,5ec13c12,Developer Profile,dev@intelligence.platform,2025-09-11 15:07:19.132678+00:00,Benchmark core module in Deep Timeseries Forecasting,3,15,99,47,76,2025,9,2025-09,0,1
638,2,1,c30437ed,Developer Profile,dev@intelligence.platform,2025-09-12 09:33:47.132678+00:00,Optimize core module in Deep Timeseries Forecasting,4,9,162,49,223,2025,9,2025-09,0,1
1365,5,1,5fa69cf3,Developer Profile,dev@intelligence.platform,2025-09-13 21:40:08.143646+00:00,Add unit tests for core module in Sql Analytics Templates,5,21,44,33,208,2025,9,2025-09,1,0
976,3,1,0c76d521,Developer Profile,dev@intelligence.platform,2025-09-14 17:25:22.138678+00:00,Implement core module in Clinical Nlp Pipeline,6,17,83,9,81,2025,9,2025-09,1,0
639,2,1,10f4258f,Developer Profile,dev@intelligence.platform,2025-09-14 17:38:26.132678+00:00,Refactor core module in Deep Timeseries Forecasting,6,17,64,15,109,2025,9,2025-09,1,0
168,1,1,18f6aa0c,Developer Profile,dev@intelligence.platform,2025-09-15 10:12:05.125680+00:00,Implement core module in Credit Fraud Detection Engine,0,10,170,49,96,2025,9,2025-09,0,1
169,1,1,1561b4bc,Developer Profile,dev@intelligence.platform,2025-09-15 21:34:21.125680+00:00,Fix bug in core module in Credit Fraud Detection Engine,0,21,30,24,60,2025,9,2025-09,0,0
1366,5,1,10f36045,Developer Profile,dev@intelligence.platform,2025-09-16 16:38:51.143646+00:00,Benchmark core module in Sql Analytics Templates,1,16,29,5,18,2025,9,2025-09,0,1
977,3,1,69f2d6b2,Developer Profile,dev@intelligence.platform,2025-09-16 16:49:01.138678+00:00,Refactor core module in Clinical Nlp Pipeline,1,16,15,24,93,2025,9,2025-09,0,1
1163,4,1,f2792422,Developer Profile,dev@intelligence.platform,2025-09-16 22:44:54.141072+00:00,Add unit tests for core module in Customer Churn Propensity Analytics,1,22,82,11,158,2025,9,2025-09,0,0
640,2,1,220f4e03,Developer Profile,dev@intelligence.platform,2025-09-17 09:08:17.132678+00:00,Upgrade dependencies for core module in Deep Timeseries Forecasting,2,9,67,5,175,2025,9,2025-09,0,1
170,1,1,556c19c8,Developer Profile,dev@intelligence.platform,2025-09-17 10:14:03.125680+00:00,Fix bug in core module in Credit Fraud Detection Engine,2,10,23,60,179,2025,9,2025-09,0,1
1164,4,1,ea94d151,Developer Profile,dev@intelligence.platform,2025-09-17 14:38:09.141072+00:00,Implement core module in Customer Churn Propensity Analytics,2,14,34,42,216,2025,9,2025-09,0,1
1165,4,1,38337bf0,Developer Profile,dev@intelligence.platform,2025-09-17 14:59:54.141072+00:00,Implement core module in Customer Churn Propensity Analytics,2,14,164,42,48,2025,9,2025-09,0,1
641,2,1,4c828246,Developer Profile,dev@intelligence.platform,2025-09-17 15:29:07.132678+00:00,Implement core module in Deep Timeseries Forecasting,2,15,84,39,130,2025,9,2025-09,0,1
171,1,1,6f737115,Developer Profile,dev@intelligence.platform,2025-09-17 17:08:03.125680+00:00,Update documentation for core module in Credit Fraud Detection Engine,2,17,163,54,221,2025,9,2025-09,0,1
172,1,1,d4c06651,Developer Profile,dev@intelligence.platform,2025-09-18 11:18:20.125680+00:00,Implement core module in Credit Fraud Detection Engine,3,11,110,37,165,2025,9,2025-09,0,1
642,2,1,739e002c,Developer Profile,dev@intelligence.platform,2025-09-18 14:14:58.132678+00:00,Update documentation for core module in Deep Timeseries Forecasting,3,14,47,16,64,2025,9,2025-09,0,1
1166,4,1,6fc7130b,Developer Profile,dev@intelligence.platform,2025-09-18 21:36:17.141072+00:00,Upgrade dependencies for core module in Customer Churn Propensity Analytics,3,21,103,11,191,2025,9,2025-09,0,0
643,2,1,42c7323b,Developer Profile,dev@intelligence.platform,2025-09-19 11:01:40.132678+00:00,Upgrade dependencies for core module in Deep Timeseries Forecasting,4,11,51,55,89,2025,9,2025-09,0,1
1367,5,1,c37a3bf2,Developer Profile,dev@intelligence.platform,2025-09-19 11:28:52.143646+00:00,Benchmark core module in Sql Analytics Templates,4,11,137,49,126,2025,9,2025-09,0,1
173,1,1,dad7f440,Developer Profile,dev@intelligence.platform,2025-09-19 15:56:59.125680+00:00,Update documentation for core module in Credit Fraud Detection Engine,4,15,133,54,140,2025,9,2025-09,0,1
644,2,1,04b7247a,Developer Profile,dev@intelligence.platform,2025-09-19 16:02:17.132678+00:00,Update documentation for core module in Deep Timeseries Forecasting,4,16,95,12,126,2025,9,2025-09,0,1
978,3,1,a89ad058,Developer Profile,dev@intelligence.platform,2025-09-20 11:57:03.138678+00:00,Update documentation for core module in Clinical Nlp Pipeline,5,11,18,26,81,2025,9,2025-09,1,0
645,2,1,37668b10,Developer Profile,dev@intelligence.platform,2025-09-21 11:48:44.132678+00:00,Refactor core module in Deep Timeseries Forecasting,6,11,71,23,212,2025,9,2025-09,1,0
646,2,1,e0ba5cd4,Developer Profile,dev@intelligence.platform,2025-09-22 11:07:48.132678+00:00,Refactor core module in Deep Timeseries Forecasting,0,11,67,11,74,2025,9,2025-09,0,1
979,3,1,1904ecab,Developer Profile,dev@intelligence.platform,2025-09-22 11:47:39.138678+00:00,Upgrade dependencies for core module in Clinical Nlp Pipeline,0,11,99,51,155,2025,9,2025-09,0,1
174,1,1,fb474f9e,Developer Profile,dev@intelligence.platform,2025-09-23 09:22:05.125680+00:00,Implement core module in Credit Fraud Detection Engine,1,9,51,24,138,2025,9,2025-09,0,1
647,2,1,54df04df,Developer Profile,dev@intelligence.platform,2025-09-23 10:46:13.132678+00:00,Implement core module in Deep Timeseries Forecasting,1,10,154,18,159,2025,9,2025-09,0,1
1167,4,1,05d10029,Developer Profile,dev@intelligence.platform,2025-09-23 14:35:46.141072+00:00,Refactor core module in Customer Churn Propensity Analytics,1,14,77,37,72,2025,9,2025-09,0,1
980,3,1,c5071c7c,Developer Profile,dev@intelligence.platform,2025-09-23 14:50:55.138678+00:00,Optimize core module in Clinical Nlp Pipeline,1,14,147,50,199,2025,9,2025-09,0,1
648,2,1,11a79ca6,Developer Profile,dev@intelligence.platform,2025-09-24 10:28:49.132678+00:00,Update documentation for core module in Deep Timeseries Forecasting,2,10,164,18,218,2025,9,2025-09,0,1
649,2,1,e67a1a7d,Developer Profile,dev@intelligence.platform,2025-09-25 10:13:30.132678+00:00,Upgrade dependencies for core module in Deep Timeseries Forecasting,3,10,85,5,134,2025,9,2025-09,0,1
650,2,1,73b64c8e,Developer Profile,dev@intelligence.platform,2025-09-25 22:09:48.132678+00:00,Add unit tests for core module in Deep Timeseries Forecasting,3,22,156,52,199,2025,9,2025-09,0,0
981,3,1,b691ab9e,Developer Profile,dev@intelligence.platform,2025-09-26 10:21:44.138678+00:00,Optimize core module in Clinical Nlp Pipeline,4,10,158,19,186,2025,9,2025-09,0,1
1368,5,1,3f57e02f,Developer Profile,dev@intelligence.platform,2025-09-26 10:59:32.143646+00:00,Optimize core module in Sql Analytics Templates,4,10,69,58,135,2025,9,2025-09,0,1
651,2,1,d2086485,Developer Profile,dev@intelligence.platform,2025-09-26 14:29:18.132678+00:00,Refactor core module in Deep Timeseries Forecasting,4,14,94,19,214,2025,9,2025-09,0,1
652,2,1,59f594f7,Developer Profile,dev@intelligence.platform,2025-09-26 15:03:02.132678+00:00,Add unit tests for core module in Deep Timeseries Forecasting,4,15,88,29,167,2025,9,2025-09,0,1
653,2,1,a6905076,Developer Profile,dev@intelligence.platform,2025-09-26 16:39:27.132678+00:00,Upgrade dependencies for core module in Deep Timeseries Forecasting,4,16,11,5,134,2025,9,2025-09,0,1
982,3,1,05163934,Developer Profile,dev@intelligence.platform,2025-09-26 16:51:20.138678+00:00,Upgrade dependencies for core module in Clinical Nlp Pipeline,4,16,45,39,81,2025,9,2025-09,0,1
175,1,1,4a7d6dd3,Developer Profile,dev@intelligence.platform,2025-09-26 19:34:16.125680+00:00,Upgrade dependencies for core module in Credit Fraud Detection Engine,4,19,26,13,97,2025,9,2025-09,0,0
1168,4,1,c3652bd9,Developer Profile,dev@intelligence.platform,2025-09-27 16:00:47.141072+00:00,Benchmark core module in Customer Churn Propensity Analytics,5,16,115,42,136,2025,9,2025-09,1,0
654,2,1,89353bad,Developer Profile,dev@intelligence.platform,2025-09-27 16:30:27.132678+00:00,Fix bug in core module in Deep Timeseries Forecasting,5,16,58,27,47,2025,9,2025-09,1,0
1369,5,1,d24982f3,Developer Profile,dev@intelligence.platform,2025-09-27 21:34:27.143646+00:00,Fix bug in core module in Sql Analytics Templates,5,21,122,28,71,2025,9,2025-09,1,0
655,2,1,a72d000a,Developer Profile,dev@intelligence.platform,2025-09-27 22:17:30.132678+00:00,Implement core module in Deep Timeseries Forecasting,5,22,66,44,220,2025,9,2025-09,1,0
656,2,1,1831cbe7,Developer Profile,dev@intelligence.platform,2025-09-28 11:29:41.132678+00:00,Implement core module in Deep Timeseries Forecasting,6,11,171,20,49,2025,9,2025-09,1,0
176,1,1,0d449170,Developer Profile,dev@intelligence.platform,2025-09-28 16:40:55.125680+00:00,Update documentation for core module in Credit Fraud Detection Engine,6,16,70,22,112,2025,9,2025-09,1,0
983,3,1,badd278b,Developer Profile,dev@intelligence.platform,2025-10-01 11:10:49.138678+00:00,Upgrade dependencies for core module in Clinical Nlp Pipeline,2,11,180,20,197,2025,10,2025-10,0,1
177,1,1,508941b8,Developer Profile,dev@intelligence.platform,2025-10-01 14:23:26.125680+00:00,Upgrade dependencies for core module in Credit Fraud Detection Engine,2,14,97,2,17,2025,10,2025-10,0,1
178,1,1,0b598467,Developer Profile,dev@intelligence.platform,2025-10-02 14:19:51.125680+00:00,Upgrade dependencies for core module in Credit Fraud Detection Engine,3,14,55,48,122,2025,10,2025-10,0,1
1169,4,1,0feae4d9,Developer Profile,dev@intelligence.platform,2025-10-02 21:32:28.141072+00:00,Add unit tests for core module in Customer Churn Propensity Analytics,3,21,96,35,207,2025,10,2025-10,0,0
657,2,1,51cbb9a8,Developer Profile,dev@intelligence.platform,2025-10-03 14:44:07.132678+00:00,Upgrade dependencies for core module in Deep Timeseries Forecasting,4,14,168,56,200,2025,10,2025-10,0,1
1170,4,1,8b9e1ffc,Developer Profile,dev@intelligence.platform,2025-10-04 21:12:51.141072+00:00,Upgrade dependencies for core module in Customer Churn Propensity Analytics,5,21,146,34,163,2025,10,2025-10,1,0
1171,4,1,821a72c1,Developer Profile,dev@intelligence.platform,2025-10-05 10:22:03.141072+00:00,Add unit tests for core module in Customer Churn Propensity Analytics,6,10,49,43,86,2025,10,2025-10,1,0
1172,4,1,1fcd5162,Developer Profile,dev@intelligence.platform,2025-10-05 10:31:11.141072+00:00,Fix bug in core module in Customer Churn Propensity Analytics,6,10,180,29,27,2025,10,2025-10,1,0
984,3,1,88191f06,Developer Profile,dev@intelligence.platform,2025-10-05 15:31:58.138678+00:00,Add unit tests for core module in Clinical Nlp Pipeline,6,15,135,26,205,2025,10,2025-10,1,0
985,3,1,1e591c3d,Developer Profile,dev@intelligence.platform,2025-10-05 19:12:55.138678+00:00,Add unit tests for core module in Clinical Nlp Pipeline,6,19,51,33,158,2025,10,2025-10,1,0
1173,4,1,abb20ffc,Developer Profile,dev@intelligence.platform,2025-10-05 19:26:16.141072+00:00,Optimize core module in Customer Churn Propensity Analytics,6,19,133,48,105,2025,10,2025-10,1,0
179,1,1,00f313bb,Developer Profile,dev@intelligence.platform,2025-10-06 11:55:32.125680+00:00,Benchmark core module in Credit Fraud Detection Engine,0,11,27,12,17,2025,10,2025-10,0,1
180,1,1,73fdaa56,Developer Profile,dev@intelligence.platform,2025-10-06 19:46:22.125680+00:00,Optimize core module in Credit Fraud Detection Engine,0,19,79,54,152,2025,10,2025-10,0,0
1174,4,1,780c80f3,Developer Profile,dev@intelligence.platform,2025-10-06 21:17:11.141072+00:00,Implement core module in Customer Churn Propensity Analytics,0,21,60,56,139,2025,10,2025-10,0,0
181,1,1,ec536e91,Developer Profile,dev@intelligence.platform,2025-10-08 09:04:02.125680+00:00,Implement core module in Credit Fraud Detection Engine,2,9,37,58,109,2025,10,2025-10,0,1
182,1,1,9db71101,Developer Profile,dev@intelligence.platform,2025-10-08 10:38:35.125680+00:00,Refactor core module in Credit Fraud Detection Engine,2,10,102,24,34,2025,10,2025-10,0,1
183,1,1,fd08a8a9,Developer Profile,dev@intelligence.platform,2025-10-08 19:00:49.125680+00:00,Add unit tests for core module in Credit Fraud Detection Engine,2,19,125,5,60,2025,10,2025-10,0,0
184,1,1,125e21f5,Developer Profile,dev@intelligence.platform,2025-10-08 19:37:56.125680+00:00,Upgrade dependencies for core module in Credit Fraud Detection Engine,2,19,115,23,224,2025,10,2025-10,0,0
658,2,1,a1eeca0c,Developer Profile,dev@intelligence.platform,2025-10-08 19:51:04.132678+00:00,Refactor core module in Deep Timeseries Forecasting,2,19,50,23,107,2025,10,2025-10,0,0
185,1,1,b48c825b,Developer Profile,dev@intelligence.platform,2025-10-08 22:09:39.125680+00:00,Upgrade dependencies for core module in Credit Fraud Detection Engine,2,22,101,14,226,2025,10,2025-10,0,0
659,2,1,b3b3c237,Developer Profile,dev@intelligence.platform,2025-10-09 10:41:44.132678+00:00,Benchmark core module in Deep Timeseries Forecasting,3,10,151,43,189,2025,10,2025-10,0,1
986,3,1,bd555453,Developer Profile,dev@intelligence.platform,2025-10-09 21:21:11.138678+00:00,Add unit tests for core module in Clinical Nlp Pipeline,3,21,132,5,197,2025,10,2025-10,0,0
660,2,1,0a53ec72,Developer Profile,dev@intelligence.platform,2025-10-10 16:50:50.132678+00:00,Fix bug in core module in Deep Timeseries Forecasting,4,16,78,41,92,2025,10,2025-10,0,1
661,2,1,41813173,Developer Profile,dev@intelligence.platform,2025-10-11 14:45:18.132678+00:00,Implement core module in Deep Timeseries Forecasting,5,14,124,51,70,2025,10,2025-10,1,0
662,2,1,4e61ac44,Developer Profile,dev@intelligence.platform,2025-10-11 15:12:41.132678+00:00,Benchmark core module in Deep Timeseries Forecasting,5,15,154,4,102,2025,10,2025-10,1,0
663,2,1,0713b13d,Developer Profile,dev@intelligence.platform,2025-10-11 16:20:14.132678+00:00,Benchmark core module in Deep Timeseries Forecasting,5,16,125,50,200,2025,10,2025-10,1,0
186,1,1,0d236eb0,Developer Profile,dev@intelligence.platform,2025-10-11 21:43:50.125680+00:00,Benchmark core module in Credit Fraud Detection Engine,5,21,129,23,141,2025,10,2025-10,1,0
187,1,1,8ba42644,Developer Profile,dev@intelligence.platform,2025-10-12 09:02:43.125680+00:00,Add unit tests for core module in Credit Fraud Detection Engine,6,9,159,5,165,2025,10,2025-10,1,0
987,3,1,60fdb453,Developer Profile,dev@intelligence.platform,2025-10-12 10:20:00.138678+00:00,Update documentation for core module in Clinical Nlp Pipeline,6,10,158,37,53,2025,10,2025-10,1,0
664,2,1,b21a91de,Developer Profile,dev@intelligence.platform,2025-10-12 11:06:37.132678+00:00,Upgrade dependencies for core module in Deep Timeseries Forecasting,6,11,100,32,127,2025,10,2025-10,1,0
1175,4,1,f698ed11,Developer Profile,dev@intelligence.platform,2025-10-12 14:04:20.141072+00:00,Refactor core module in Customer Churn Propensity Analytics,6,14,132,34,59,2025,10,2025-10,1,0
1176,4,1,6f3be21c,Developer Profile,dev@intelligence.platform,2025-10-12 16:42:23.141072+00:00,Upgrade dependencies for core module in Customer Churn Propensity Analytics,6,16,148,2,184,2025,10,2025-10,1,0
665,2,1,25fcccec,Developer Profile,dev@intelligence.platform,2025-10-12 19:55:32.132678+00:00,Benchmark core module in Deep Timeseries Forecasting,6,19,142,54,119,2025,10,2025-10,1,0
666,2,1,9d251857,Developer Profile,dev@intelligence.platform,2025-10-12 21:15:00.132678+00:00,Update documentation for core module in Deep Timeseries Forecasting,6,21,23,47,96,2025,10,2025-10,1,0
188,1,1,f66f8121,Developer Profile,dev@intelligence.platform,2025-10-13 14:52:20.125680+00:00,Optimize core module in Credit Fraud Detection Engine,0,14,130,16,114,2025,10,2025-10,0,1
189,1,1,2c9be82f,Developer Profile,dev@intelligence.platform,2025-10-13 16:01:37.125680+00:00,Add unit tests for core module in Credit Fraud Detection Engine,0,16,64,37,69,2025,10,2025-10,0,1
1370,5,1,ade0ee5f,Developer Profile,dev@intelligence.platform,2025-10-13 21:26:30.143646+00:00,Fix bug in core module in Sql Analytics Templates,0,21,45,27,132,2025,10,2025-10,0,0
667,2,1,325ced13,Developer Profile,dev@intelligence.platform,2025-10-14 14:00:14.132678+00:00,Upgrade dependencies for core module in Deep Timeseries Forecasting,1,14,29,17,217,2025,10,2025-10,0,1
668,2,1,c39a70d0,Developer Profile,dev@intelligence.platform,2025-10-14 15:25:19.132678+00:00,Optimize core module in Deep Timeseries Forecasting,1,15,15,10,201,2025,10,2025-10,0,1
669,2,1,bebde850,Developer Profile,dev@intelligence.platform,2025-10-14 19:36:32.132678+00:00,Optimize core module in Deep Timeseries Forecasting,1,19,62,59,67,2025,10,2025-10,0,0
1371,5,1,bbb36cdc,Developer Profile,dev@intelligence.platform,2025-10-17 14:33:07.143646+00:00,Benchmark core module in Sql Analytics Templates,4,14,47,53,36,2025,10,2025-10,0,1
670,2,1,408dfb13,Developer Profile,dev@intelligence.platform,2025-10-17 21:03:54.132678+00:00,Add unit tests for core module in Deep Timeseries Forecasting,4,21,84,36,176,2025,10,2025-10,0,0
1372,5,1,08951cb3,Developer Profile,dev@intelligence.platform,2025-10-17 22:11:46.143646+00:00,Benchmark core module in Sql Analytics Templates,4,22,62,34,172,2025,10,2025-10,0,0
671,2,1,26ba880b,Developer Profile,dev@intelligence.platform,2025-10-18 09:10:08.132678+00:00,Refactor core module in Deep Timeseries Forecasting,5,9,133,12,239,2025,10,2025-10,1,0
672,2,1,a660facd,Developer Profile,dev@intelligence.platform,2025-10-19 14:55:27.132678+00:00,Add unit tests for core module in Deep Timeseries Forecasting,6,14,95,24,204,2025,10,2025-10,1,0
673,2,1,664d8c85,Developer Profile,dev@intelligence.platform,2025-10-19 15:23:34.132678+00:00,Fix bug in core module in Deep Timeseries Forecasting,6,15,62,38,35,2025,10,2025-10,1,0
1177,4,1,3410f90f,Developer Profile,dev@intelligence.platform,2025-10-19 19:18:06.141072+00:00,Implement core module in Customer Churn Propensity Analytics,6,19,81,41,130,2025,10,2025-10,1,0
988,3,1,5ca73fc4,Developer Profile,dev@intelligence.platform,2025-10-20 11:37:22.138678+00:00,Add unit tests for core module in Clinical Nlp Pipeline,0,11,127,18,198,2025,10,2025-10,0,1
190,1,1,2095551d,Developer Profile,dev@intelligence.platform,2025-10-20 17:59:30.125680+00:00,Add unit tests for core module in Credit Fraud Detection Engine,0,17,132,35,46,2025,10,2025-10,0,1
1178,4,1,4d99d72e,Developer Profile,dev@intelligence.platform,2025-10-21 14:19:40.141072+00:00,Fix bug in core module in Customer Churn Propensity Analytics,1,14,58,6,142,2025,10,2025-10,0,1
191,1,1,84fbc548,Developer Profile,dev@intelligence.platform,2025-10-21 22:45:40.125680+00:00,Add unit tests for core module in Credit Fraud Detection Engine,1,22,92,24,196,2025,10,2025-10,0,0
674,2,1,8d5bdc38,Developer Profile,dev@intelligence.platform,2025-10-22 15:28:40.132678+00:00,Update documentation for core module in Deep Timeseries Forecasting,2,15,160,14,34,2025,10,2025-10,0,1
675,2,1,d46aa89b,Developer Profile,dev@intelligence.platform,2025-10-22 22:30:11.132678+00:00,Add unit tests for core module in Deep Timeseries Forecasting,2,22,95,40,23,2025,10,2025-10,0,0
192,1,1,10865523,Developer Profile,dev@intelligence.platform,2025-10-23 09:10:50.125680+00:00,Add unit tests for core module in Credit Fraud Detection Engine,3,9,95,15,199,2025,10,2025-10,0,1
989,3,1,6564fe46,Developer Profile,dev@intelligence.platform,2025-10-23 11:23:39.138678+00:00,Fix bug in core module in Clinical Nlp Pipeline,3,11,134,21,52,2025,10,2025-10,0,1
1179,4,1,6a954a34,Developer Profile,dev@intelligence.platform,2025-10-25 19:07:03.141072+00:00,Upgrade dependencies for core module in Customer Churn Propensity Analytics,5,19,81,9,143,2025,10,2025-10,1,0
676,2,1,0e135cf7,Developer Profile,dev@intelligence.platform,2025-10-25 21:03:38.132678+00:00,Benchmark core module in Deep Timeseries Forecasting,5,21,76,19,132,2025,10,2025-10,1,0
193,1,1,16dcf54e,Developer Profile,dev@intelligence.platform,2025-10-26 10:00:50.125680+00:00,Update documentation for core module in Credit Fraud Detection Engine,6,10,153,12,108,2025,10,2025-10,1,0
1180,4,1,073f3c71,Developer Profile,dev@intelligence.platform,2025-10-26 11:02:55.141072+00:00,Add unit tests for core module in Customer Churn Propensity Analytics,6,11,132,33,169,2025,10,2025-10,1,0
677,2,1,d99aa509,Developer Profile,dev@intelligence.platform,2025-10-26 22:46:49.132678+00:00,Optimize core module in Deep Timeseries Forecasting,6,22,16,48,195,2025,10,2025-10,1,0
990,3,1,9b94543b,Developer Profile,dev@intelligence.platform,2025-10-27 09:11:48.138678+00:00,Add unit tests for core module in Clinical Nlp Pipeline,0,9,76,27,41,2025,10,2025-10,0,1
1373,5,1,a93ceeea,Developer Profile,dev@intelligence.platform,2025-10-27 09:33:24.143646+00:00,Fix bug in core module in Sql Analytics Templates,0,9,92,36,163,2025,10,2025-10,0,1
1181,4,1,1432ec7b,Developer Profile,dev@intelligence.platform,2025-10-28 14:33:10.141072+00:00,Fix bug in core module in Customer Churn Propensity Analytics,1,14,44,50,162,2025,10,2025-10,0,1
1182,4,1,1721297d,Developer Profile,dev@intelligence.platform,2025-11-02 09:41:13.141072+00:00,Refactor core module in Customer Churn Propensity Analytics,6,9,62,27,239,2025,11,2025-11,1,0
194,1,1,dd308140,Developer Profile,dev@intelligence.platform,2025-11-02 09:55:16.125680+00:00,Refactor core module in Credit Fraud Detection Engine,6,9,109,48,198,2025,11,2025-11,1,0
1183,4,1,7f261030,Developer Profile,dev@intelligence.platform,2025-11-02 11:23:36.141072+00:00,Benchmark core module in Customer Churn Propensity Analytics,6,11,99,4,15,2025,11,2025-11,1,0
678,2,1,3c1b55a6,Developer Profile,dev@intelligence.platform,2025-11-02 11:30:07.132678+00:00,Benchmark core module in Deep Timeseries Forecasting,6,11,128,42,224,2025,11,2025-11,1,0
679,2,1,626abfb0,Developer Profile,dev@intelligence.platform,2025-11-02 11:40:39.132678+00:00,Upgrade dependencies for core module in Deep Timeseries Forecasting,6,11,177,14,169,2025,11,2025-11,1,0
195,1,1,0b4ce81a,Developer Profile,dev@intelligence.platform,2025-11-02 14:24:27.125680+00:00,Upgrade dependencies for core module in Credit Fraud Detection Engine,6,14,160,15,126,2025,11,2025-11,1,0
196,1,1,14593386,Developer Profile,dev@intelligence.platform,2025-11-03 09:48:48.125680+00:00,Fix bug in core module in Credit Fraud Detection Engine,0,9,58,46,47,2025,11,2025-11,0,1
197,1,1,c3b23afc,Developer Profile,dev@intelligence.platform,2025-11-04 09:31:47.125680+00:00,Refactor core module in Credit Fraud Detection Engine,1,9,166,57,165,2025,11,2025-11,0,1
1184,4,1,f5dc77ef,Developer Profile,dev@intelligence.platform,2025-11-04 10:14:58.141072+00:00,Implement core module in Customer Churn Propensity Analytics,1,10,26,6,173,2025,11,2025-11,0,1
680,2,1,62855f22,Developer Profile,dev@intelligence.platform,2025-11-04 16:42:30.132678+00:00,Add unit tests for core module in Deep Timeseries Forecasting,1,16,92,47,80,2025,11,2025-11,0,1
198,1,1,4b5153b2,Developer Profile,dev@intelligence.platform,2025-11-04 22:37:51.125680+00:00,Update documentation for core module in Credit Fraud Detection Engine,1,22,105,37,70,2025,11,2025-11,0,0
1185,4,1,91e8e7af,Developer Profile,dev@intelligence.platform,2025-11-04 22:49:58.141072+00:00,Refactor core module in Customer Churn Propensity Analytics,1,22,35,32,157,2025,11,2025-11,0,0
199,1,1,93358298,Developer Profile,dev@intelligence.platform,2025-11-05 15:14:05.125680+00:00,Optimize core module in Credit Fraud Detection Engine,2,15,64,44,228,2025,11,2025-11,0,1
200,1,1,b40d570b,Developer Profile,dev@intelligence.platform,2025-11-05 22:10:07.125680+00:00,Upgrade dependencies for core module in Credit Fraud Detection Engine,2,22,145,2,71,2025,11,2025-11,0,0
991,3,1,2d19871f,Developer Profile,dev@intelligence.platform,2025-11-06 17:49:40.138678+00:00,Update documentation for core module in Clinical Nlp Pipeline,3,17,145,30,71,2025,11,2025-11,0,1
681,2,1,553969a9,Developer Profile,dev@intelligence.platform,2025-11-06 21:41:04.132678+00:00,Upgrade dependencies for core module in Deep Timeseries Forecasting,3,21,124,48,92,2025,11,2025-11,0,0
682,2,1,72cc5d19,Developer Profile,dev@intelligence.platform,2025-11-07 11:35:06.132678+00:00,Update documentation for core module in Deep Timeseries Forecasting,4,11,41,35,229,2025,11,2025-11,0,1
992,3,1,601c1b8a,Developer Profile,dev@intelligence.platform,2025-11-08 10:52:35.138678+00:00,Update documentation for core module in Clinical Nlp Pipeline,5,10,59,44,56,2025,11,2025-11,1,0
201,1,1,b777af4a,Developer Profile,dev@intelligence.platform,2025-11-08 17:03:22.125680+00:00,Update documentation for core module in Credit Fraud Detection Engine,5,17,180,21,102,2025,11,2025-11,1,0
1186,4,1,0dedee5e,Developer Profile,dev@intelligence.platform,2025-11-10 09:12:22.141072+00:00,Refactor core module in Customer Churn Propensity Analytics,0,9,134,48,53,2025,11,2025-11,0,1
993,3,1,a2bd38e7,Developer Profile,dev@intelligence.platform,2025-11-10 15:51:39.138678+00:00,Refactor core module in Clinical Nlp Pipeline,0,15,108,60,233,2025,11,2025-11,0,1
202,1,1,42d59039,Developer Profile,dev@intelligence.platform,2025-11-11 17:44:15.125680+00:00,Upgrade dependencies for core module in Credit Fraud Detection Engine,1,17,86,8,224,2025,11,2025-11,0,1
203,1,1,37db10d8,Developer Profile,dev@intelligence.platform,2025-11-12 09:23:01.125680+00:00,Add unit tests for core module in Credit Fraud Detection Engine,2,9,126,6,181,2025,11,2025-11,0,1
204,1,1,30a5928e,Developer Profile,dev@intelligence.platform,2025-11-12 09:29:12.125680+00:00,Optimize core module in Credit Fraud Detection Engine,2,9,122,34,23,2025,11,2025-11,0,1
994,3,1,8db02125,Developer Profile,dev@intelligence.platform,2025-11-12 09:31:11.138678+00:00,Update documentation for core module in Clinical Nlp Pipeline,2,9,111,46,177,2025,11,2025-11,0,1
205,1,1,b986c2af,Developer Profile,dev@intelligence.platform,2025-11-12 11:33:14.125680+00:00,Implement core module in Credit Fraud Detection Engine,2,11,123,7,121,2025,11,2025-11,0,1
1374,5,1,a790c23f,Developer Profile,dev@intelligence.platform,2025-11-12 21:02:19.143646+00:00,Add unit tests for core module in Sql Analytics Templates,2,21,120,59,32,2025,11,2025-11,0,0
683,2,1,07af384e,Developer Profile,dev@intelligence.platform,2025-11-13 11:50:42.132678+00:00,Upgrade dependencies for core module in Deep Timeseries Forecasting,3,11,139,48,64,2025,11,2025-11,0,1
1187,4,1,e5ad787e,Developer Profile,dev@intelligence.platform,2025-11-13 19:28:36.141072+00:00,Fix bug in core module in Customer Churn Propensity Analytics,3,19,32,38,128,2025,11,2025-11,0,0
995,3,1,7b065254,Developer Profile,dev@intelligence.platform,2025-11-15 15:08:47.138678+00:00,Update documentation for core module in Clinical Nlp Pipeline,5,15,113,4,213,2025,11,2025-11,1,0
996,3,1,704a6f7f,Developer Profile,dev@intelligence.platform,2025-11-17 15:57:18.138678+00:00,Upgrade dependencies for core module in Clinical Nlp Pipeline,0,15,120,15,41,2025,11,2025-11,0,1
1375,5,1,e7b2996d,Developer Profile,dev@intelligence.platform,2025-11-17 19:35:30.143646+00:00,Implement core module in Sql Analytics Templates,0,19,58,41,114,2025,11,2025-11,0,0
206,1,1,156559a4,Developer Profile,dev@intelligence.platform,2025-11-17 19:42:50.125680+00:00,Implement core module in Credit Fraud Detection Engine,0,19,56,34,186,2025,11,2025-11,0,0
207,1,1,4af610d3,Developer Profile,dev@intelligence.platform,2025-11-17 21:04:42.125680+00:00,Optimize core module in Credit Fraud Detection Engine,0,21,157,29,181,2025,11,2025-11,0,0
208,1,1,1d47905b,Developer Profile,dev@intelligence.platform,2025-11-17 22:54:13.125680+00:00,Refactor core module in Credit Fraud Detection Engine,0,22,98,20,174,2025,11,2025-11,0,0
1376,5,1,ced32dc1,Developer Profile,dev@intelligence.platform,2025-11-18 09:40:36.143646+00:00,Implement core module in Sql Analytics Templates,1,9,128,12,140,2025,11,2025-11,0,1
1377,5,1,e8d627ba,Developer Profile,dev@intelligence.platform,2025-11-19 14:12:29.143646+00:00,Implement core module in Sql Analytics Templates,2,14,66,60,186,2025,11,2025-11,0,1
209,1,1,bedcef9f,Developer Profile,dev@intelligence.platform,2025-11-20 09:37:14.125680+00:00,Add unit tests for core module in Credit Fraud Detection Engine,3,9,121,10,142,2025,11,2025-11,0,1
1188,4,1,7a03e73b,Developer Profile,dev@intelligence.platform,2025-11-20 15:28:43.141072+00:00,Refactor core module in Customer Churn Propensity Analytics,3,15,147,17,182,2025,11,2025-11,0,1
210,1,1,36163081,Developer Profile,dev@intelligence.platform,2025-11-21 10:30:21.125680+00:00,Update documentation for core module in Credit Fraud Detection Engine,4,10,102,49,30,2025,11,2025-11,0,1
211,1,1,5b6e7561,Developer Profile,dev@intelligence.platform,2025-11-22 09:43:02.125680+00:00,Add unit tests for core module in Credit Fraud Detection Engine,5,9,115,43,107,2025,11,2025-11,1,0
684,2,1,36b7aff0,Developer Profile,dev@intelligence.platform,2025-11-22 10:22:02.132678+00:00,Benchmark core module in Deep Timeseries Forecasting,5,10,175,57,82,2025,11,2025-11,1,0
1378,5,1,9a2585df,Developer Profile,dev@intelligence.platform,2025-11-23 11:51:22.143646+00:00,Update documentation for core module in Sql Analytics Templates,6,11,114,28,120,2025,11,2025-11,1,0
997,3,1,a190dc31,Developer Profile,dev@intelligence.platform,2025-11-24 11:43:45.138678+00:00,Upgrade dependencies for core module in Clinical Nlp Pipeline,0,11,133,42,167,2025,11,2025-11,0,1
1379,5,1,d813e71a,Developer Profile,dev@intelligence.platform,2025-11-25 15:41:34.143646+00:00,Refactor core module in Sql Analytics Templates,1,15,126,28,141,2025,11,2025-11,0,1
998,3,1,447789f3,Developer Profile,dev@intelligence.platform,2025-11-26 11:10:35.138678+00:00,Refactor core module in Clinical Nlp Pipeline,2,11,55,28,225,2025,11,2025-11,0,1
212,1,1,b1aff0ed,Developer Profile,dev@intelligence.platform,2025-11-26 14:10:19.125680+00:00,Fix bug in core module in Credit Fraud Detection Engine,2,14,127,45,212,2025,11,2025-11,0,1
1189,4,1,3a5248b2,Developer Profile,dev@intelligence.platform,2025-11-27 10:30:18.141072+00:00,Refactor core module in Customer Churn Propensity Analytics,3,10,133,22,137,2025,11,2025-11,0,1
1190,4,1,c7001b66,Developer Profile,dev@intelligence.platform,2025-11-27 14:32:49.141072+00:00,Fix bug in core module in Customer Churn Propensity Analytics,3,14,33,58,123,2025,11,2025-11,0,1
1191,4,1,61024331,Developer Profile,dev@intelligence.platform,2025-11-27 17:17:43.141072+00:00,Add unit tests for core module in Customer Churn Propensity Analytics,3,17,110,29,171,2025,11,2025-11,0,1
213,1,1,f428697d,Developer Profile,dev@intelligence.platform,2025-11-28 15:12:12.125680+00:00,Benchmark core module in Credit Fraud Detection Engine,4,15,51,30,60,2025,11,2025-11,0,1
685,2,1,c567310c,Developer Profile,dev@intelligence.platform,2025-11-28 16:02:32.132678+00:00,Refactor core module in Deep Timeseries Forecasting,4,16,137,18,156,2025,11,2025-11,0,1
999,3,1,ae2dbae5,Developer Profile,dev@intelligence.platform,2025-11-28 19:02:42.138678+00:00,Update documentation for core module in Clinical Nlp Pipeline,4,19,87,11,205,2025,11,2025-11,0,0
686,2,1,e4b8387b,Developer Profile,dev@intelligence.platform,2025-12-01 09:09:50.132678+00:00,Upgrade dependencies for core module in Deep Timeseries Forecasting,0,9,66,44,233,2025,12,2025-12,0,1
687,2,1,280ed974,Developer Profile,dev@intelligence.platform,2025-12-01 14:04:27.132678+00:00,Update documentation for core module in Deep Timeseries Forecasting,0,14,12,5,20,2025,12,2025-12,0,1
688,2,1,86fe3501,Developer Profile,dev@intelligence.platform,2025-12-01 14:58:24.132678+00:00,Fix bug in core module in Deep Timeseries Forecasting,0,14,44,42,139,2025,12,2025-12,0,1
214,1,1,d0b29045,Developer Profile,dev@intelligence.platform,2025-12-02 10:46:39.125680+00:00,Optimize core module in Credit Fraud Detection Engine,1,10,20,55,169,2025,12,2025-12,0,1
1380,5,1,a7dd36d9,Developer Profile,dev@intelligence.platform,2025-12-02 14:41:02.143646+00:00,Add unit tests for core module in Sql Analytics Templates,1,14,32,27,164,2025,12,2025-12,0,1
215,1,1,a2bd44c8,Developer Profile,dev@intelligence.platform,2025-12-02 16:05:19.125680+00:00,Update documentation for core module in Credit Fraud Detection Engine,1,16,15,18,193,2025,12,2025-12,0,1
1381,5,1,adf5d2a8,Developer Profile,dev@intelligence.platform,2025-12-02 17:17:27.143646+00:00,Benchmark core module in Sql Analytics Templates,1,17,23,50,63,2025,12,2025-12,0,1
689,2,1,8bdc21a6,Developer Profile,dev@intelligence.platform,2025-12-02 21:40:56.132678+00:00,Add unit tests for core module in Deep Timeseries Forecasting,1,21,13,47,56,2025,12,2025-12,0,0
1382,5,1,d918075c,Developer Profile,dev@intelligence.platform,2025-12-02 22:32:41.143646+00:00,Upgrade dependencies for core module in Sql Analytics Templates,1,22,42,32,202,2025,12,2025-12,0,0
690,2,1,5938e4b6,Developer Profile,dev@intelligence.platform,2025-12-04 09:16:07.132678+00:00,Refactor core module in Deep Timeseries Forecasting,3,9,92,4,170,2025,12,2025-12,0,1
691,2,1,b9e6522d,Developer Profile,dev@intelligence.platform,2025-12-04 16:08:17.132678+00:00,Benchmark core module in Deep Timeseries Forecasting,3,16,173,59,137,2025,12,2025-12,0,1
216,1,1,29b5e34f,Developer Profile,dev@intelligence.platform,2025-12-04 19:53:53.125680+00:00,Refactor core module in Credit Fraud Detection Engine,3,19,41,24,134,2025,12,2025-12,0,0
692,2,1,ef391030,Developer Profile,dev@intelligence.platform,2025-12-04 21:27:55.132678+00:00,Add unit tests for core module in Deep Timeseries Forecasting,3,21,128,57,64,2025,12,2025-12,0,0
217,1,1,8a18cfd4,Developer Profile,dev@intelligence.platform,2025-12-05 21:34:24.125680+00:00,Fix bug in core module in Credit Fraud Detection Engine,4,21,117,22,19,2025,12,2025-12,0,0
1383,5,1,48f472ad,Developer Profile,dev@intelligence.platform,2025-12-06 09:56:59.143646+00:00,Optimize core module in Sql Analytics Templates,5,9,55,42,223,2025,12,2025-12,1,0
1384,5,1,e6241228,Developer Profile,dev@intelligence.platform,2025-12-06 22:59:47.143646+00:00,Fix bug in core module in Sql Analytics Templates,5,22,71,21,18,2025,12,2025-12,1,0
693,2,1,5bcdc07c,Developer Profile,dev@intelligence.platform,2025-12-07 15:37:30.132678+00:00,Fix bug in core module in Deep Timeseries Forecasting,6,15,108,26,163,2025,12,2025-12,1,0
218,1,1,4d126be2,Developer Profile,dev@intelligence.platform,2025-12-07 16:38:53.125680+00:00,Implement core module in Credit Fraud Detection Engine,6,16,135,9,159,2025,12,2025-12,1,0
694,2,1,fa7b085c,Developer Profile,dev@intelligence.platform,2025-12-07 17:14:43.132678+00:00,Optimize core module in Deep Timeseries Forecasting,6,17,142,12,178,2025,12,2025-12,1,0
1385,5,1,84f76dbe,Developer Profile,dev@intelligence.platform,2025-12-07 17:22:38.143646+00:00,Upgrade dependencies for core module in Sql Analytics Templates,6,17,20,43,217,2025,12,2025-12,1,0
219,1,1,11bd3ea1,Developer Profile,dev@intelligence.platform,2025-12-08 10:49:14.125680+00:00,Update documentation for core module in Credit Fraud Detection Engine,0,10,137,53,45,2025,12,2025-12,0,1
1386,5,1,988dbb03,Developer Profile,dev@intelligence.platform,2025-12-08 19:20:29.143646+00:00,Refactor core module in Sql Analytics Templates,0,19,179,27,111,2025,12,2025-12,0,0
695,2,1,e75df6c1,Developer Profile,dev@intelligence.platform,2025-12-08 21:53:07.132678+00:00,Update documentation for core module in Deep Timeseries Forecasting,0,21,177,30,199,2025,12,2025-12,0,0
1387,5,1,e86b3fce,Developer Profile,dev@intelligence.platform,2025-12-08 22:15:51.143646+00:00,Benchmark core module in Sql Analytics Templates,0,22,26,41,134,2025,12,2025-12,0,0
1192,4,1,747e8356,Developer Profile,dev@intelligence.platform,2025-12-09 09:24:33.141072+00:00,Update documentation for core module in Customer Churn Propensity Analytics,1,9,64,53,53,2025,12,2025-12,0,1
1000,3,1,15961522,Developer Profile,dev@intelligence.platform,2025-12-09 10:47:25.138678+00:00,Update documentation for core module in Clinical Nlp Pipeline,1,10,124,25,81,2025,12,2025-12,0,1
1193,4,1,3b4cf4c0,Developer Profile,dev@intelligence.platform,2025-12-10 11:40:01.141072+00:00,Upgrade dependencies for core module in Customer Churn Propensity Analytics,2,11,48,45,240,2025,12,2025-12,0,1
1388,5,1,199b6a86,Developer Profile,dev@intelligence.platform,2025-12-10 16:20:49.143646+00:00,Upgrade dependencies for core module in Sql Analytics Templates,2,16,42,58,188,2025,12,2025-12,0,1
1194,4,1,2d43ea79,Developer Profile,dev@intelligence.platform,2025-12-11 10:16:49.141072+00:00,Optimize core module in Customer Churn Propensity Analytics,3,10,105,4,199,2025,12,2025-12,0,1
1389,5,1,49e70283,Developer Profile,dev@intelligence.platform,2025-12-11 19:30:43.143646+00:00,Fix bug in core module in Sql Analytics Templates,3,19,147,18,217,2025,12,2025-12,0,0
696,2,1,ec348a7f,Developer Profile,dev@intelligence.platform,2025-12-12 14:36:09.132678+00:00,Implement core module in Deep Timeseries Forecasting,4,14,96,6,185,2025,12,2025-12,0,1
220,1,1,65951133,Developer Profile,dev@intelligence.platform,2025-12-12 17:58:29.125680+00:00,Benchmark core module in Credit Fraud Detection Engine,4,17,31,33,32,2025,12,2025-12,0,1
697,2,1,d4ac447f,Developer Profile,dev@intelligence.platform,2025-12-13 10:11:16.132678+00:00,Update documentation for core module in Deep Timeseries Forecasting,5,10,120,50,149,2025,12,2025-12,1,0
221,1,1,ce2bc9ca,Developer Profile,dev@intelligence.platform,2025-12-13 10:30:38.125680+00:00,Update documentation for core module in Credit Fraud Detection Engine,5,10,132,48,222,2025,12,2025-12,1,0
1195,4,1,d97789eb,Developer Profile,dev@intelligence.platform,2025-12-13 11:53:10.141072+00:00,Refactor core module in Customer Churn Propensity Analytics,5,11,55,43,151,2025,12,2025-12,1,0
698,2,1,1ee02aaf,Developer Profile,dev@intelligence.platform,2025-12-13 22:38:55.132678+00:00,Benchmark core module in Deep Timeseries Forecasting,5,22,25,22,234,2025,12,2025-12,1,0
1196,4,1,f514fc99,Developer Profile,dev@intelligence.platform,2025-12-14 15:53:25.141072+00:00,Optimize core module in Customer Churn Propensity Analytics,6,15,30,45,111,2025,12,2025-12,1,0
699,2,1,b9cb45bb,Developer Profile,dev@intelligence.platform,2025-12-14 21:51:00.132678+00:00,Optimize core module in Deep Timeseries Forecasting,6,21,40,13,104,2025,12,2025-12,1,0
700,2,1,9f0fc9bb,Developer Profile,dev@intelligence.platform,2025-12-17 09:40:52.132678+00:00,Fix bug in core module in Deep Timeseries Forecasting,2,9,170,53,221,2025,12,2025-12,0,1
222,1,1,ea125f53,Developer Profile,dev@intelligence.platform,2025-12-17 15:21:36.125680+00:00,Fix bug in core module in Credit Fraud Detection Engine,2,15,101,54,239,2025,12,2025-12,0,1
223,1,1,0766a165,Developer Profile,dev@intelligence.platform,2025-12-18 10:34:29.125680+00:00,Optimize core module in Credit Fraud Detection Engine,3,10,38,35,98,2025,12,2025-12,0,1
224,1,1,3acd0e20,Developer Profile,dev@intelligence.platform,2025-12-18 15:13:42.125680+00:00,Optimize core module in Credit Fraud Detection Engine,3,15,50,25,90,2025,12,2025-12,0,1
225,1,1,d95662ac,Developer Profile,dev@intelligence.platform,2025-12-18 15:36:16.125680+00:00,Optimize core module in Credit Fraud Detection Engine,3,15,70,50,220,2025,12,2025-12,0,1
701,2,1,5432b28c,Developer Profile,dev@intelligence.platform,2025-12-18 16:38:47.132678+00:00,Fix bug in core module in Deep Timeseries Forecasting,3,16,28,24,15,2025,12,2025-12,0,1
1001,3,1,a65d504b,Developer Profile,dev@intelligence.platform,2025-12-18 17:16:40.138678+00:00,Optimize core module in Clinical Nlp Pipeline,3,17,71,28,46,2025,12,2025-12,0,1
702,2,1,7298bbeb,Developer Profile,dev@intelligence.platform,2025-12-20 09:10:13.132678+00:00,Add unit tests for core module in Deep Timeseries Forecasting,5,9,103,24,178,2025,12,2025-12,1,0
1002,3,1,f500f210,Developer Profile,dev@intelligence.platform,2025-12-20 10:25:10.138678+00:00,Benchmark core module in Clinical Nlp Pipeline,5,10,162,47,107,2025,12,2025-12,1,0
1390,5,1,f4c81d0b,Developer Profile,dev@intelligence.platform,2025-12-20 15:42:06.143646+00:00,Implement core module in Sql Analytics Templates,5,15,173,7,154,2025,12,2025-12,1,0
703,2,1,f48fc5b6,Developer Profile,dev@intelligence.platform,2025-12-20 19:21:42.132678+00:00,Implement core module in Deep Timeseries Forecasting,5,19,143,13,63,2025,12,2025-12,1,0
226,1,1,dfa7dc56,Developer Profile,dev@intelligence.platform,2025-12-20 19:21:54.125680+00:00,Refactor core module in Credit Fraud Detection Engine,5,19,121,38,116,2025,12,2025-12,1,0
1391,5,1,e1607a76,Developer Profile,dev@intelligence.platform,2025-12-21 17:09:06.143646+00:00,Refactor core module in Sql Analytics Templates,6,17,56,17,153,2025,12,2025-12,1,0
1197,4,1,cf10af38,Developer Profile,dev@intelligence.platform,2025-12-21 17:23:28.141072+00:00,Upgrade dependencies for core module in Customer Churn Propensity Analytics,6,17,21,27,166,2025,12,2025-12,1,0
1003,3,1,7e021cdc,Developer Profile,dev@intelligence.platform,2025-12-22 11:05:18.138678+00:00,Implement core module in Clinical Nlp Pipeline,0,11,122,8,32,2025,12,2025-12,0,1
1392,5,1,ac3d1c80,Developer Profile,dev@intelligence.platform,2025-12-22 11:13:15.143646+00:00,Add unit tests for core module in Sql Analytics Templates,0,11,102,18,100,2025,12,2025-12,0,1
704,2,1,3d187235,Developer Profile,dev@intelligence.platform,2025-12-22 16:20:48.132678+00:00,Refactor core module in Deep Timeseries Forecasting,0,16,180,59,81,2025,12,2025-12,0,1
1393,5,1,a5a2cd31,Developer Profile,dev@intelligence.platform,2025-12-22 21:30:18.143646+00:00,Fix bug in core module in Sql Analytics Templates,0,21,88,26,150,2025,12,2025-12,0,0
1198,4,1,63f4db4c,Developer Profile,dev@intelligence.platform,2025-12-24 10:26:20.141072+00:00,Add unit tests for core module in Customer Churn Propensity Analytics,2,10,120,41,174,2025,12,2025-12,0,1
705,2,1,3016b9c0,Developer Profile,dev@intelligence.platform,2025-12-25 19:55:08.132678+00:00,Upgrade dependencies for core module in Deep Timeseries Forecasting,3,19,109,7,155,2025,12,2025-12,0,0
706,2,1,59f94b48,Developer Profile,dev@intelligence.platform,2025-12-25 22:51:04.132678+00:00,Optimize core module in Deep Timeseries Forecasting,3,22,29,26,198,2025,12,2025-12,0,0
1394,5,1,fcc992bd,Developer Profile,dev@intelligence.platform,2025-12-26 16:45:26.143646+00:00,Optimize core module in Sql Analytics Templates,4,16,152,48,77,2025,12,2025-12,0,1
227,1,1,8058e412,Developer Profile,dev@intelligence.platform,2025-12-26 19:09:07.125680+00:00,Implement core module in Credit Fraud Detection Engine,4,19,96,59,70,2025,12,2025-12,0,0
707,2,1,7ca83f48,Developer Profile,dev@intelligence.platform,2025-12-26 19:57:40.132678+00:00,Add unit tests for core module in Deep Timeseries Forecasting,4,19,85,48,165,2025,12,2025-12,0,0
1004,3,1,248d6f02,Developer Profile,dev@intelligence.platform,2025-12-27 15:55:51.138678+00:00,Refactor core module in Clinical Nlp Pipeline,5,15,85,26,200,2025,12,2025-12,1,0
1395,5,1,75ce29ca,Developer Profile,dev@intelligence.platform,2025-12-27 21:08:00.143646+00:00,Upgrade dependencies for core module in Sql Analytics Templates,5,21,141,40,204,2025,12,2025-12,1,0
708,2,1,c0046124,Developer Profile,dev@intelligence.platform,2025-12-28 10:32:41.132678+00:00,Refactor core module in Deep Timeseries Forecasting,6,10,67,60,91,2025,12,2025-12,1,0
709,2,1,c924c10e,Developer Profile,dev@intelligence.platform,2025-12-28 10:55:05.132678+00:00,Optimize core module in Deep Timeseries Forecasting,6,10,64,22,72,2025,12,2025-12,1,0
228,1,1,c69cfeee,Developer Profile,dev@intelligence.platform,2026-01-01 09:49:32.125680+00:00,Fix bug in core module in Credit Fraud Detection Engine,3,9,21,52,38,2026,1,2026-01,0,1
229,1,1,e43ebbd0,Developer Profile,dev@intelligence.platform,2026-01-01 19:12:55.125680+00:00,Add unit tests for core module in Credit Fraud Detection Engine,3,19,38,25,220,2026,1,2026-01,0,0
230,1,1,600015b4,Developer Profile,dev@intelligence.platform,2026-01-01 19:37:26.125680+00:00,Fix bug in core module in Credit Fraud Detection Engine,3,19,147,48,117,2026,1,2026-01,0,0
231,1,1,f04a78a3,Developer Profile,dev@intelligence.platform,2026-01-01 22:40:26.125680+00:00,Add unit tests for core module in Credit Fraud Detection Engine,3,22,101,49,236,2026,1,2026-01,0,0
232,1,1,8d4ba88e,Developer Profile,dev@intelligence.platform,2026-01-02 09:14:46.125680+00:00,Implement core module in Credit Fraud Detection Engine,4,9,57,46,62,2026,1,2026-01,0,1
233,1,1,15e7f7b6,Developer Profile,dev@intelligence.platform,2026-01-02 09:42:56.125680+00:00,Add unit tests for core module in Credit Fraud Detection Engine,4,9,20,28,173,2026,1,2026-01,0,1
1005,3,1,312f2ebb,Developer Profile,dev@intelligence.platform,2026-01-02 16:19:34.138678+00:00,Benchmark core module in Clinical Nlp Pipeline,4,16,169,25,35,2026,1,2026-01,0,1
1006,3,1,a4441e8a,Developer Profile,dev@intelligence.platform,2026-01-03 09:53:53.138678+00:00,Optimize core module in Clinical Nlp Pipeline,5,9,23,36,117,2026,1,2026-01,1,0
1007,3,1,1bf7fd74,Developer Profile,dev@intelligence.platform,2026-01-03 11:46:01.138678+00:00,Fix bug in core module in Clinical Nlp Pipeline,5,11,73,19,89,2026,1,2026-01,1,0
1199,4,1,97bc4ec4,Developer Profile,dev@intelligence.platform,2026-01-03 15:34:26.141072+00:00,Upgrade dependencies for core module in Customer Churn Propensity Analytics,5,15,143,14,159,2026,1,2026-01,1,0
234,1,1,e83e1f08,Developer Profile,dev@intelligence.platform,2026-01-03 19:56:17.125680+00:00,Implement core module in Credit Fraud Detection Engine,5,19,123,11,44,2026,1,2026-01,1,0
235,1,1,afdff73f,Developer Profile,dev@intelligence.platform,2026-01-04 09:36:21.125680+00:00,Benchmark core module in Credit Fraud Detection Engine,6,9,107,20,58,2026,1,2026-01,1,0
1200,4,1,b9f2e9c5,Developer Profile,dev@intelligence.platform,2026-01-04 10:06:32.141072+00:00,Fix bug in core module in Customer Churn Propensity Analytics,6,10,177,22,57,2026,1,2026-01,1,0
236,1,1,75b36b77,Developer Profile,dev@intelligence.platform,2026-01-04 19:01:36.125680+00:00,Add unit tests for core module in Credit Fraud Detection Engine,6,19,134,49,30,2026,1,2026-01,1,0
1008,3,1,bf3648bc,Developer Profile,dev@intelligence.platform,2026-01-04 19:03:35.138678+00:00,Refactor core module in Clinical Nlp Pipeline,6,19,109,59,207,2026,1,2026-01,1,0
1009,3,1,27a5a1b8,Developer Profile,dev@intelligence.platform,2026-01-04 21:23:34.138678+00:00,Optimize core module in Clinical Nlp Pipeline,6,21,166,22,187,2026,1,2026-01,1,0
237,1,1,48fda290,Developer Profile,dev@intelligence.platform,2026-01-05 10:26:31.125680+00:00,Fix bug in core module in Credit Fraud Detection Engine,0,10,51,49,179,2026,1,2026-01,0,1
238,1,1,4d8de0e7,Developer Profile,dev@intelligence.platform,2026-01-05 11:26:06.125680+00:00,Add unit tests for core module in Credit Fraud Detection Engine,0,11,31,30,103,2026,1,2026-01,0,1
710,2,1,eba0310c,Developer Profile,dev@intelligence.platform,2026-01-05 17:22:04.132678+00:00,Update documentation for core module in Deep Timeseries Forecasting,0,17,155,51,159,2026,1,2026-01,0,1
239,1,1,2808e2a4,Developer Profile,dev@intelligence.platform,2026-01-06 19:01:45.125680+00:00,Update documentation for core module in Credit Fraud Detection Engine,1,19,47,11,22,2026,1,2026-01,0,0
711,2,1,6bcc26b0,Developer Profile,dev@intelligence.platform,2026-01-06 19:02:25.132678+00:00,Update documentation for core module in Deep Timeseries Forecasting,1,19,154,43,32,2026,1,2026-01,0,0
1201,4,1,fb539659,Developer Profile,dev@intelligence.platform,2026-01-06 21:02:33.141072+00:00,Update documentation for core module in Customer Churn Propensity Analytics,1,21,51,17,232,2026,1,2026-01,0,0
1010,3,1,c67acc02,Developer Profile,dev@intelligence.platform,2026-01-07 17:39:19.138678+00:00,Implement core module in Clinical Nlp Pipeline,2,17,30,48,235,2026,1,2026-01,0,1
712,2,1,38ae83d5,Developer Profile,dev@intelligence.platform,2026-01-08 15:58:20.132678+00:00,Add unit tests for core module in Deep Timeseries Forecasting,3,15,89,6,127,2026,1,2026-01,0,1
240,1,1,fb62e07b,Developer Profile,dev@intelligence.platform,2026-01-08 19:21:25.125680+00:00,Benchmark core module in Credit Fraud Detection Engine,3,19,176,31,89,2026,1,2026-01,0,0
1011,3,1,65658eb3,Developer Profile,dev@intelligence.platform,2026-01-09 11:43:18.138678+00:00,Implement core module in Clinical Nlp Pipeline,4,11,111,24,36,2026,1,2026-01,0,1
241,1,1,004087c3,Developer Profile,dev@intelligence.platform,2026-01-09 15:23:33.125680+00:00,Optimize core module in Credit Fraud Detection Engine,4,15,77,33,55,2026,1,2026-01,0,1
1202,4,1,32592814,Developer Profile,dev@intelligence.platform,2026-01-09 17:25:40.141072+00:00,Update documentation for core module in Customer Churn Propensity Analytics,4,17,16,42,194,2026,1,2026-01,0,1
242,1,1,ed9b0ccf,Developer Profile,dev@intelligence.platform,2026-01-10 16:54:27.125680+00:00,Upgrade dependencies for core module in Credit Fraud Detection Engine,5,16,51,26,62,2026,1,2026-01,1,0
1203,4,1,4efaf357,Developer Profile,dev@intelligence.platform,2026-01-10 17:26:55.141072+00:00,Fix bug in core module in Customer Churn Propensity Analytics,5,17,87,56,211,2026,1,2026-01,1,0
243,1,1,9e78d3e5,Developer Profile,dev@intelligence.platform,2026-01-11 19:03:48.125680+00:00,Implement core module in Credit Fraud Detection Engine,6,19,174,15,15,2026,1,2026-01,1,0
1204,4,1,9232c2a7,Developer Profile,dev@intelligence.platform,2026-01-13 09:19:58.141072+00:00,Optimize core module in Customer Churn Propensity Analytics,1,9,51,53,178,2026,1,2026-01,0,1
713,2,1,3d6dc8d2,Developer Profile,dev@intelligence.platform,2026-01-14 09:27:58.132678+00:00,Add unit tests for core module in Deep Timeseries Forecasting,2,9,171,18,226,2026,1,2026-01,0,1
244,1,1,281e4e7d,Developer Profile,dev@intelligence.platform,2026-01-14 11:55:52.125680+00:00,Add unit tests for core module in Credit Fraud Detection Engine,2,11,75,7,156,2026,1,2026-01,0,1
245,1,1,b05b7f1b,Developer Profile,dev@intelligence.platform,2026-01-14 22:45:37.125680+00:00,Upgrade dependencies for core module in Credit Fraud Detection Engine,2,22,56,20,142,2026,1,2026-01,0,0
714,2,1,38c80ca8,Developer Profile,dev@intelligence.platform,2026-01-15 14:40:45.132678+00:00,Refactor core module in Deep Timeseries Forecasting,3,14,33,24,188,2026,1,2026-01,0,1
246,1,1,884e0fd6,Developer Profile,dev@intelligence.platform,2026-01-15 16:32:34.125680+00:00,Add unit tests for core module in Credit Fraud Detection Engine,3,16,69,44,57,2026,1,2026-01,0,1
1012,3,1,eefb8281,Developer Profile,dev@intelligence.platform,2026-01-15 17:34:29.138678+00:00,Add unit tests for core module in Clinical Nlp Pipeline,3,17,34,17,164,2026,1,2026-01,0,1
247,1,1,f7bbb650,Developer Profile,dev@intelligence.platform,2026-01-16 10:21:24.125680+00:00,Add unit tests for core module in Credit Fraud Detection Engine,4,10,19,54,32,2026,1,2026-01,0,1
248,1,1,4a08f5b1,Developer Profile,dev@intelligence.platform,2026-01-16 22:53:16.125680+00:00,Update documentation for core module in Credit Fraud Detection Engine,4,22,92,57,225,2026,1,2026-01,0,0
249,1,1,e7a1a259,Developer Profile,dev@intelligence.platform,2026-01-17 14:11:52.125680+00:00,Refactor core module in Credit Fraud Detection Engine,5,14,85,54,162,2026,1,2026-01,1,0
1205,4,1,895cbccc,Developer Profile,dev@intelligence.platform,2026-01-17 21:22:10.141072+00:00,Benchmark core module in Customer Churn Propensity Analytics,5,21,61,32,218,2026,1,2026-01,1,0
1013,3,1,8b1a2883,Developer Profile,dev@intelligence.platform,2026-01-18 17:55:18.138678+00:00,Benchmark core module in Clinical Nlp Pipeline,6,17,163,29,18,2026,1,2026-01,1,0
715,2,1,4dd3e58b,Developer Profile,dev@intelligence.platform,2026-01-19 15:11:53.132678+00:00,Optimize core module in Deep Timeseries Forecasting,0,15,68,25,134,2026,1,2026-01,0,1
1014,3,1,47fcca40,Developer Profile,dev@intelligence.platform,2026-01-20 19:00:37.138678+00:00,Implement core module in Clinical Nlp Pipeline,1,19,66,27,23,2026,1,2026-01,0,0
250,1,1,d6bbef86,Developer Profile,dev@intelligence.platform,2026-01-20 19:06:56.125680+00:00,Implement core module in Credit Fraud Detection Engine,1,19,10,32,159,2026,1,2026-01,0,0
251,1,1,25e8d281,Developer Profile,dev@intelligence.platform,2026-01-20 22:05:59.125680+00:00,Optimize core module in Credit Fraud Detection Engine,1,22,116,11,127,2026,1,2026-01,0,0
1015,3,1,1ad0fd7f,Developer Profile,dev@intelligence.platform,2026-01-21 14:23:43.138678+00:00,Upgrade dependencies for core module in Clinical Nlp Pipeline,2,14,144,14,214,2026,1,2026-01,0,1
252,1,1,1e7dd22d,Developer Profile,dev@intelligence.platform,2026-01-22 10:18:01.125680+00:00,Add unit tests for core module in Credit Fraud Detection Engine,3,10,36,10,153,2026,1,2026-01,0,1
1016,3,1,c17751f1,Developer Profile,dev@intelligence.platform,2026-01-23 10:21:42.138678+00:00,Fix bug in core module in Clinical Nlp Pipeline,4,10,32,27,179,2026,1,2026-01,0,1
1017,3,1,b1f0aa7f,Developer Profile,dev@intelligence.platform,2026-01-23 14:39:19.138678+00:00,Add unit tests for core module in Clinical Nlp Pipeline,4,14,107,27,215,2026,1,2026-01,0,1
253,1,1,fe6238b5,Developer Profile,dev@intelligence.platform,2026-01-23 15:25:08.125680+00:00,Update documentation for core module in Credit Fraud Detection Engine,4,15,158,30,115,2026,1,2026-01,0,1
254,1,1,e8b5060d,Developer Profile,dev@intelligence.platform,2026-01-24 09:58:07.125680+00:00,Add unit tests for core module in Credit Fraud Detection Engine,5,9,107,43,77,2026,1,2026-01,1,0
716,2,1,173c0769,Developer Profile,dev@intelligence.platform,2026-01-24 10:03:17.132678+00:00,Optimize core module in Deep Timeseries Forecasting,5,10,107,23,22,2026,1,2026-01,1,0
717,2,1,cee4240c,Developer Profile,dev@intelligence.platform,2026-01-24 11:37:31.132678+00:00,Upgrade dependencies for core module in Deep Timeseries Forecasting,5,11,146,54,44,2026,1,2026-01,1,0
255,1,1,ed83ed1f,Developer Profile,dev@intelligence.platform,2026-01-25 10:41:30.125680+00:00,Refactor core module in Credit Fraud Detection Engine,6,10,18,9,232,2026,1,2026-01,1,0
718,2,1,050c8ce7,Developer Profile,dev@intelligence.platform,2026-01-25 19:54:52.132678+00:00,Upgrade dependencies for core module in Deep Timeseries Forecasting,6,19,156,41,211,2026,1,2026-01,1,0
719,2,1,5d80191f,Developer Profile,dev@intelligence.platform,2026-01-25 19:56:41.132678+00:00,Optimize core module in Deep Timeseries Forecasting,6,19,15,4,44,2026,1,2026-01,1,0
256,1,1,6713a8ff,Developer Profile,dev@intelligence.platform,2026-01-25 21:30:53.125680+00:00,Refactor core module in Credit Fraud Detection Engine,6,21,66,35,72,2026,1,2026-01,1,0
257,1,1,6e7287e2,Developer Profile,dev@intelligence.platform,2026-01-26 14:27:46.125680+00:00,Benchmark core module in Credit Fraud Detection Engine,0,14,70,37,114,2026,1,2026-01,0,1
258,1,1,b57b951a,Developer Profile,dev@intelligence.platform,2026-01-27 09:43:53.125680+00:00,Implement core module in Credit Fraud Detection Engine,1,9,170,29,232,2026,1,2026-01,0,1
720,2,1,babc062b,Developer Profile,dev@intelligence.platform,2026-01-27 15:05:18.132678+00:00,Fix bug in core module in Deep Timeseries Forecasting,1,15,105,53,95,2026,1,2026-01,0,1
1018,3,1,f2495f0b,Developer Profile,dev@intelligence.platform,2026-01-27 15:25:23.138678+00:00,Update documentation for core module in Clinical Nlp Pipeline,1,15,68,15,95,2026,1,2026-01,0,1
259,1,1,9e67fc4d,Developer Profile,dev@intelligence.platform,2026-01-27 16:48:41.125680+00:00,Implement core module in Credit Fraud Detection Engine,1,16,71,4,149,2026,1,2026-01,0,1
260,1,1,c4026e16,Developer Profile,dev@intelligence.platform,2026-01-27 17:43:49.125680+00:00,Optimize core module in Credit Fraud Detection Engine,1,17,84,4,219,2026,1,2026-01,0,1
261,1,1,5e40c788,Developer Profile,dev@intelligence.platform,2026-01-28 14:54:37.125680+00:00,Upgrade dependencies for core module in Credit Fraud Detection Engine,2,14,104,11,178,2026,1,2026-01,0,1
1206,4,1,23d15ea2,Developer Profile,dev@intelligence.platform,2026-01-28 21:05:17.141072+00:00,Upgrade dependencies for core module in Customer Churn Propensity Analytics,2,21,35,46,135,2026,1,2026-01,0,0
1019,3,1,5ad2dc32,Developer Profile,dev@intelligence.platform,2026-01-28 22:34:50.138678+00:00,Update documentation for core module in Clinical Nlp Pipeline,2,22,31,47,121,2026,1,2026-01,0,0
1207,4,1,d851b104,Developer Profile,dev@intelligence.platform,2026-01-28 22:43:14.141072+00:00,Refactor core module in Customer Churn Propensity Analytics,2,22,149,31,227,2026,1,2026-01,0,0
1208,4,1,7095decf,Developer Profile,dev@intelligence.platform,2026-02-01 11:00:23.141072+00:00,Benchmark core module in Customer Churn Propensity Analytics,6,11,38,56,108,2026,2,2026-02,1,0
721,2,1,d5c8c5fc,Developer Profile,dev@intelligence.platform,2026-02-01 11:56:29.132678+00:00,Upgrade dependencies for core module in Deep Timeseries Forecasting,6,11,15,38,126,2026,2,2026-02,1,0
262,1,1,19631109,Developer Profile,dev@intelligence.platform,2026-02-02 21:46:14.125680+00:00,Upgrade dependencies for core module in Credit Fraud Detection Engine,0,21,114,37,35,2026,2,2026-02,0,0
722,2,1,1f410916,Developer Profile,dev@intelligence.platform,2026-02-03 11:16:15.132678+00:00,Benchmark core module in Deep Timeseries Forecasting,1,11,108,52,99,2026,2,2026-02,0,1
263,1,1,37795697,Developer Profile,dev@intelligence.platform,2026-02-04 09:12:09.125680+00:00,Benchmark core module in Credit Fraud Detection Engine,2,9,42,30,62,2026,2,2026-02,0,1
1396,5,1,2716733c,Developer Profile,dev@intelligence.platform,2026-02-04 11:22:04.143646+00:00,Implement core module in Sql Analytics Templates,2,11,31,33,42,2026,2,2026-02,0,1
723,2,1,5067d5e3,Developer Profile,dev@intelligence.platform,2026-02-04 16:42:41.132678+00:00,Upgrade dependencies for core module in Deep Timeseries Forecasting,2,16,107,42,219,2026,2,2026-02,0,1
264,1,1,aea5b22b,Developer Profile,dev@intelligence.platform,2026-02-04 19:28:36.125680+00:00,Upgrade dependencies for core module in Credit Fraud Detection Engine,2,19,149,20,41,2026,2,2026-02,0,0
724,2,1,c3649920,Developer Profile,dev@intelligence.platform,2026-02-04 21:06:29.132678+00:00,Upgrade dependencies for core module in Deep Timeseries Forecasting,2,21,93,10,37,2026,2,2026-02,0,0
1209,4,1,b211f1d7,Developer Profile,dev@intelligence.platform,2026-02-05 15:33:23.141072+00:00,Optimize core module in Customer Churn Propensity Analytics,3,15,12,49,175,2026,2,2026-02,0,1
1210,4,1,c6221fbd,Developer Profile,dev@intelligence.platform,2026-02-05 15:52:47.141072+00:00,Upgrade dependencies for core module in Customer Churn Propensity Analytics,3,15,80,53,29,2026,2,2026-02,0,1
265,1,1,f708902f,Developer Profile,dev@intelligence.platform,2026-02-05 17:27:18.125680+00:00,Implement core module in Credit Fraud Detection Engine,3,17,69,47,117,2026,2,2026-02,0,1
1020,3,1,d360194f,Developer Profile,dev@intelligence.platform,2026-02-05 19:55:35.138678+00:00,Fix bug in core module in Clinical Nlp Pipeline,3,19,107,33,161,2026,2,2026-02,0,0
725,2,1,a1cc74f8,Developer Profile,dev@intelligence.platform,2026-02-06 15:36:46.132678+00:00,Fix bug in core module in Deep Timeseries Forecasting,4,15,55,11,83,2026,2,2026-02,0,1
266,1,1,f80bf867,Developer Profile,dev@intelligence.platform,2026-02-06 19:13:16.125680+00:00,Fix bug in core module in Credit Fraud Detection Engine,4,19,87,54,59,2026,2,2026-02,0,0
267,1,1,1776359c,Developer Profile,dev@intelligence.platform,2026-02-07 10:22:41.125680+00:00,Fix bug in core module in Credit Fraud Detection Engine,5,10,16,26,56,2026,2,2026-02,1,0
1021,3,1,94978cec,Developer Profile,dev@intelligence.platform,2026-02-07 16:14:35.138678+00:00,Fix bug in core module in Clinical Nlp Pipeline,5,16,28,46,123,2026,2,2026-02,1,0
726,2,1,ca5e7467,Developer Profile,dev@intelligence.platform,2026-02-07 22:05:39.132678+00:00,Refactor core module in Deep Timeseries Forecasting,5,22,46,28,84,2026,2,2026-02,1,0
1022,3,1,1fdd4c6e,Developer Profile,dev@intelligence.platform,2026-02-08 15:39:15.138678+00:00,Optimize core module in Clinical Nlp Pipeline,6,15,134,57,80,2026,2,2026-02,1,0
727,2,1,3820062c,Developer Profile,dev@intelligence.platform,2026-02-08 17:57:38.132678+00:00,Optimize core module in Deep Timeseries Forecasting,6,17,92,25,29,2026,2,2026-02,1,0
268,1,1,d356e9f3,Developer Profile,dev@intelligence.platform,2026-02-09 15:12:54.125680+00:00,Refactor core module in Credit Fraud Detection Engine,0,15,56,55,39,2026,2,2026-02,0,1
269,1,1,28e10577,Developer Profile,dev@intelligence.platform,2026-02-10 22:01:07.125680+00:00,Update documentation for core module in Credit Fraud Detection Engine,1,22,26,25,49,2026,2,2026-02,0,0
1211,4,1,5631cfeb,Developer Profile,dev@intelligence.platform,2026-02-10 22:26:43.141072+00:00,Implement core module in Customer Churn Propensity Analytics,1,22,106,45,227,2026,2,2026-02,0,0
728,2,1,9d50525f,Developer Profile,dev@intelligence.platform,2026-02-11 09:01:27.132678+00:00,Benchmark core module in Deep Timeseries Forecasting,2,9,42,29,191,2026,2,2026-02,0,1
270,1,1,eb44ff75,Developer Profile,dev@intelligence.platform,2026-02-11 15:14:49.125680+00:00,Update documentation for core module in Credit Fraud Detection Engine,2,15,118,13,96,2026,2,2026-02,0,1
271,1,1,d7ed447b,Developer Profile,dev@intelligence.platform,2026-02-11 15:36:33.125680+00:00,Benchmark core module in Credit Fraud Detection Engine,2,15,70,13,192,2026,2,2026-02,0,1
272,1,1,9efc90c6,Developer Profile,dev@intelligence.platform,2026-02-11 19:41:31.125680+00:00,Update documentation for core module in Credit Fraud Detection Engine,2,19,136,18,123,2026,2,2026-02,0,0
273,1,1,ba71237e,Developer Profile,dev@intelligence.platform,2026-02-12 16:49:59.125680+00:00,Add unit tests for core module in Credit Fraud Detection Engine,3,16,60,17,168,2026,2,2026-02,0,1
729,2,1,8b928f7d,Developer Profile,dev@intelligence.platform,2026-02-12 17:57:38.132678+00:00,Upgrade dependencies for core module in Deep Timeseries Forecasting,3,17,112,13,25,2026,2,2026-02,0,1
274,1,1,5aec6fa1,Developer Profile,dev@intelligence.platform,2026-02-12 21:29:01.125680+00:00,Update documentation for core module in Credit Fraud Detection Engine,3,21,53,15,98,2026,2,2026-02,0,0
275,1,1,ee996f5e,Developer Profile,dev@intelligence.platform,2026-02-13 09:19:12.125680+00:00,Implement core module in Credit Fraud Detection Engine,4,9,51,9,61,2026,2,2026-02,0,1
276,1,1,8a11a97d,Developer Profile,dev@intelligence.platform,2026-02-14 14:25:31.125680+00:00,Implement core module in Credit Fraud Detection Engine,5,14,103,20,57,2026,2,2026-02,1,0
277,1,1,883c4559,Developer Profile,dev@intelligence.platform,2026-02-14 14:41:04.125680+00:00,Implement core module in Credit Fraud Detection Engine,5,14,83,33,128,2026,2,2026-02,1,0
1212,4,1,775f1983,Developer Profile,dev@intelligence.platform,2026-02-15 16:08:22.141072+00:00,Benchmark core module in Customer Churn Propensity Analytics,6,16,72,49,50,2026,2,2026-02,1,0
1213,4,1,294fd49e,Developer Profile,dev@intelligence.platform,2026-02-15 16:52:32.141072+00:00,Implement core module in Customer Churn Propensity Analytics,6,16,166,58,48,2026,2,2026-02,1,0
278,1,1,63938b61,Developer Profile,dev@intelligence.platform,2026-02-15 17:27:28.125680+00:00,Upgrade dependencies for core module in Credit Fraud Detection Engine,6,17,68,21,239,2026,2,2026-02,1,0
730,2,1,377464d6,Developer Profile,dev@intelligence.platform,2026-02-15 17:39:17.132678+00:00,Benchmark core module in Deep Timeseries Forecasting,6,17,131,17,211,2026,2,2026-02,1,0
731,2,1,ed01127f,Developer Profile,dev@intelligence.platform,2026-02-15 21:37:48.132678+00:00,Implement core module in Deep Timeseries Forecasting,6,21,119,42,164,2026,2,2026-02,1,0
279,1,1,b7f9f883,Developer Profile,dev@intelligence.platform,2026-02-15 22:26:24.125680+00:00,Fix bug in core module in Credit Fraud Detection Engine,6,22,110,16,116,2026,2,2026-02,1,0
280,1,1,3f69a25c,Developer Profile,dev@intelligence.platform,2026-02-16 15:43:42.125680+00:00,Implement core module in Credit Fraud Detection Engine,0,15,78,2,93,2026,2,2026-02,0,1
281,1,1,be3f5a3c,Developer Profile,dev@intelligence.platform,2026-02-17 10:13:09.125680+00:00,Update documentation for core module in Credit Fraud Detection Engine,1,10,177,58,101,2026,2,2026-02,0,1
282,1,1,a890f007,Developer Profile,dev@intelligence.platform,2026-02-17 10:15:48.125680+00:00,Benchmark core module in Credit Fraud Detection Engine,1,10,123,30,225,2026,2,2026-02,0,1
283,1,1,88452d73,Developer Profile,dev@intelligence.platform,2026-02-17 10:36:48.125680+00:00,Implement core module in Credit Fraud Detection Engine,1,10,83,58,78,2026,2,2026-02,0,1
284,1,1,87a49b50,Developer Profile,dev@intelligence.platform,2026-02-17 14:09:54.125680+00:00,Benchmark core module in Credit Fraud Detection Engine,1,14,87,17,207,2026,2,2026-02,0,1
285,1,1,f783ad34,Developer Profile,dev@intelligence.platform,2026-02-17 15:05:34.125680+00:00,Add unit tests for core module in Credit Fraud Detection Engine,1,15,30,16,43,2026,2,2026-02,0,1
732,2,1,02233d93,Developer Profile,dev@intelligence.platform,2026-02-17 16:15:44.132678+00:00,Add unit tests for core module in Deep Timeseries Forecasting,1,16,149,27,236,2026,2,2026-02,0,1
286,1,1,0b740263,Developer Profile,dev@intelligence.platform,2026-02-17 17:58:55.125680+00:00,Benchmark core module in Credit Fraud Detection Engine,1,17,161,14,151,2026,2,2026-02,0,1
287,1,1,6be1875c,Developer Profile,dev@intelligence.platform,2026-02-17 21:15:34.125680+00:00,Refactor core module in Credit Fraud Detection Engine,1,21,35,55,49,2026,2,2026-02,0,0
288,1,1,1e42e89d,Developer Profile,dev@intelligence.platform,2026-02-18 10:20:09.125680+00:00,Refactor core module in Credit Fraud Detection Engine,2,10,25,2,46,2026,2,2026-02,0,1
289,1,1,9aad0d7b,Developer Profile,dev@intelligence.platform,2026-02-18 15:33:17.125680+00:00,Fix bug in core module in Credit Fraud Detection Engine,2,15,87,30,235,2026,2,2026-02,0,1
290,1,1,ff45fc0b,Developer Profile,dev@intelligence.platform,2026-02-18 16:28:53.125680+00:00,Update documentation for core module in Credit Fraud Detection Engine,2,16,104,43,101,2026,2,2026-02,0,1
1214,4,1,3b26d0b2,Developer Profile,dev@intelligence.platform,2026-02-18 17:40:08.141072+00:00,Fix bug in core module in Customer Churn Propensity Analytics,2,17,42,10,153,2026,2,2026-02,0,1
1215,4,1,5f6baf50,Developer Profile,dev@intelligence.platform,2026-02-19 10:09:10.141072+00:00,Optimize core module in Customer Churn Propensity Analytics,3,10,31,48,149,2026,2,2026-02,0,1
1216,4,1,c9d45425,Developer Profile,dev@intelligence.platform,2026-02-19 14:52:56.141072+00:00,Upgrade dependencies for core module in Customer Churn Propensity Analytics,3,14,58,31,114,2026,2,2026-02,0,1
1023,3,1,136551d3,Developer Profile,dev@intelligence.platform,2026-02-19 15:29:14.138678+00:00,Fix bug in core module in Clinical Nlp Pipeline,3,15,98,40,16,2026,2,2026-02,0,1
733,2,1,5a0c770e,Developer Profile,dev@intelligence.platform,2026-02-19 19:06:27.132678+00:00,Upgrade dependencies for core module in Deep Timeseries Forecasting,3,19,46,46,158,2026,2,2026-02,0,0
291,1,1,cb0e6f95,Developer Profile,dev@intelligence.platform,2026-02-19 21:28:56.125680+00:00,Upgrade dependencies for core module in Credit Fraud Detection Engine,3,21,174,50,128,2026,2,2026-02,0,0
734,2,1,332a0cdb,Developer Profile,dev@intelligence.platform,2026-02-20 11:21:43.132678+00:00,Upgrade dependencies for core module in Deep Timeseries Forecasting,4,11,22,30,67,2026,2,2026-02,0,1
292,1,1,b5b83a79,Developer Profile,dev@intelligence.platform,2026-02-20 11:27:50.125680+00:00,Update documentation for core module in Credit Fraud Detection Engine,4,11,104,14,122,2026,2,2026-02,0,1
293,1,1,454ab1eb,Developer Profile,dev@intelligence.platform,2026-02-20 22:44:04.125680+00:00,Add unit tests for core module in Credit Fraud Detection Engine,4,22,20,19,69,2026,2,2026-02,0,0
735,2,1,c8ddd250,Developer Profile,dev@intelligence.platform,2026-02-21 09:36:30.132678+00:00,Benchmark core module in Deep Timeseries Forecasting,5,9,102,57,67,2026,2,2026-02,1,0
294,1,1,9376cda4,Developer Profile,dev@intelligence.platform,2026-02-21 11:46:36.125680+00:00,Optimize core module in Credit Fraud Detection Engine,5,11,88,58,220,2026,2,2026-02,1,0
295,1,1,0faf4fda,Developer Profile,dev@intelligence.platform,2026-02-21 14:27:27.125680+00:00,Update documentation for core module in Credit Fraud Detection Engine,5,14,102,60,119,2026,2,2026-02,1,0
736,2,1,3392e5c0,Developer Profile,dev@intelligence.platform,2026-02-21 16:40:25.132678+00:00,Upgrade dependencies for core module in Deep Timeseries Forecasting,5,16,22,25,121,2026,2,2026-02,1,0
1217,4,1,433ec462,Developer Profile,dev@intelligence.platform,2026-02-21 19:01:02.141072+00:00,Refactor core module in Customer Churn Propensity Analytics,5,19,68,47,37,2026,2,2026-02,1,0
737,2,1,200369a4,Developer Profile,dev@intelligence.platform,2026-02-21 21:39:36.132678+00:00,Update documentation for core module in Deep Timeseries Forecasting,5,21,44,55,159,2026,2,2026-02,1,0
296,1,1,5b82b6c3,Developer Profile,dev@intelligence.platform,2026-02-22 09:37:36.125680+00:00,Benchmark core module in Credit Fraud Detection Engine,6,9,82,29,185,2026,2,2026-02,1,0
738,2,1,61437952,Developer Profile,dev@intelligence.platform,2026-02-22 14:41:07.132678+00:00,Optimize core module in Deep Timeseries Forecasting,6,14,12,50,36,2026,2,2026-02,1,0
739,2,1,ecdd294d,Developer Profile,dev@intelligence.platform,2026-02-22 17:04:04.132678+00:00,Upgrade dependencies for core module in Deep Timeseries Forecasting,6,17,139,13,107,2026,2,2026-02,1,0
297,1,1,2fc27561,Developer Profile,dev@intelligence.platform,2026-02-24 16:33:12.125680+00:00,Implement core module in Credit Fraud Detection Engine,1,16,132,47,86,2026,2,2026-02,0,1
298,1,1,8ecbdc05,Developer Profile,dev@intelligence.platform,2026-02-24 17:31:37.125680+00:00,Upgrade dependencies for core module in Credit Fraud Detection Engine,1,17,123,26,81,2026,2,2026-02,0,1
299,1,1,04a58ec9,Developer Profile,dev@intelligence.platform,2026-02-24 22:06:39.125680+00:00,Upgrade dependencies for core module in Credit Fraud Detection Engine,1,22,84,10,84,2026,2,2026-02,0,0
1218,4,1,f7b80421,Developer Profile,dev@intelligence.platform,2026-02-25 09:24:40.141072+00:00,Refactor core module in Customer Churn Propensity Analytics,2,9,155,19,168,2026,2,2026-02,0,1
300,1,1,3f412d2d,Developer Profile,dev@intelligence.platform,2026-02-25 11:55:32.125680+00:00,Add unit tests for core module in Credit Fraud Detection Engine,2,11,81,35,188,2026,2,2026-02,0,1
1397,5,1,60bc7b93,Developer Profile,dev@intelligence.platform,2026-02-25 16:42:23.143646+00:00,Optimize core module in Sql Analytics Templates,2,16,123,38,18,2026,2,2026-02,0,1
1024,3,1,528bab6c,Developer Profile,dev@intelligence.platform,2026-02-25 22:11:22.138678+00:00,Refactor core module in Clinical Nlp Pipeline,2,22,29,39,180,2026,2,2026-02,0,0
301,1,1,e3b68150,Developer Profile,dev@intelligence.platform,2026-02-26 11:02:28.125680+00:00,Benchmark core module in Credit Fraud Detection Engine,3,11,151,10,51,2026,2,2026-02,0,1
302,1,1,d74035b5,Developer Profile,dev@intelligence.platform,2026-02-27 09:10:34.125680+00:00,Fix bug in core module in Credit Fraud Detection Engine,4,9,84,18,140,2026,2,2026-02,0,1
303,1,1,1f60663d,Developer Profile,dev@intelligence.platform,2026-02-27 17:59:48.125680+00:00,Refactor core module in Credit Fraud Detection Engine,4,17,94,31,170,2026,2,2026-02,0,1
740,2,1,e3d40f9b,Developer Profile,dev@intelligence.platform,2026-02-28 10:56:49.132678+00:00,Add unit tests for core module in Deep Timeseries Forecasting,5,10,142,59,140,2026,2,2026-02,1,0
304,1,1,c362998c,Developer Profile,dev@intelligence.platform,2026-03-01 22:20:34.125680+00:00,Add unit tests for core module in Credit Fraud Detection Engine,6,22,39,57,85,2026,3,2026-03,1,0
305,1,1,d9194bec,Developer Profile,dev@intelligence.platform,2026-03-02 11:08:12.125680+00:00,Fix bug in core module in Credit Fraud Detection Engine,0,11,180,31,118,2026,3,2026-03,0,1
306,1,1,72ba133b,Developer Profile,dev@intelligence.platform,2026-03-03 11:28:06.125680+00:00,Fix bug in core module in Credit Fraud Detection Engine,1,11,43,18,126,2026,3,2026-03,0,1
307,1,1,f09514e5,Developer Profile,dev@intelligence.platform,2026-03-03 14:39:17.125680+00:00,Implement core module in Credit Fraud Detection Engine,1,14,31,11,126,2026,3,2026-03,0,1
308,1,1,28dda8b6,Developer Profile,dev@intelligence.platform,2026-03-03 21:03:56.125680+00:00,Upgrade dependencies for core module in Credit Fraud Detection Engine,1,21,64,14,172,2026,3,2026-03,0,0
741,2,1,fc009d06,Developer Profile,dev@intelligence.platform,2026-03-05 19:58:34.132678+00:00,Update documentation for core module in Deep Timeseries Forecasting,3,19,106,36,199,2026,3,2026-03,0,0
742,2,1,2e6d3dfa,Developer Profile,dev@intelligence.platform,2026-03-06 15:05:21.132678+00:00,Implement core module in Deep Timeseries Forecasting,4,15,165,5,197,2026,3,2026-03,0,1
1398,5,1,3a76794f,Developer Profile,dev@intelligence.platform,2026-03-06 16:27:19.143646+00:00,Fix bug in core module in Sql Analytics Templates,4,16,72,10,17,2026,3,2026-03,0,1
309,1,1,35705ac7,Developer Profile,dev@intelligence.platform,2026-03-06 16:41:02.125680+00:00,Optimize core module in Credit Fraud Detection Engine,4,16,17,20,108,2026,3,2026-03,0,1
310,1,1,e784bb64,Developer Profile,dev@intelligence.platform,2026-03-06 21:00:17.125680+00:00,Implement core module in Credit Fraud Detection Engine,4,21,155,5,215,2026,3,2026-03,0,0
1399,5,1,bcf7f4e2,Developer Profile,dev@intelligence.platform,2026-03-06 21:33:19.143646+00:00,Benchmark core module in Sql Analytics Templates,4,21,160,50,81,2026,3,2026-03,0,0
743,2,1,04aed705,Developer Profile,dev@intelligence.platform,2026-03-07 15:29:51.132678+00:00,Update documentation for core module in Deep Timeseries Forecasting,5,15,69,21,97,2026,3,2026-03,1,0
311,1,1,2d25e675,Developer Profile,dev@intelligence.platform,2026-03-07 17:38:05.125680+00:00,Implement core module in Credit Fraud Detection Engine,5,17,32,20,211,2026,3,2026-03,1,0
312,1,1,81c018d6,Developer Profile,dev@intelligence.platform,2026-03-07 22:03:01.125680+00:00,Update documentation for core module in Credit Fraud Detection Engine,5,22,125,26,77,2026,3,2026-03,1,0
313,1,1,41773606,Developer Profile,dev@intelligence.platform,2026-03-08 11:04:06.125680+00:00,Benchmark core module in Credit Fraud Detection Engine,6,11,20,37,137,2026,3,2026-03,1,0
744,2,1,5f1713d0,Developer Profile,dev@intelligence.platform,2026-03-08 11:06:59.132678+00:00,Refactor core module in Deep Timeseries Forecasting,6,11,144,29,153,2026,3,2026-03,1,0
314,1,1,9c446070,Developer Profile,dev@intelligence.platform,2026-03-09 09:07:02.125680+00:00,Benchmark core module in Credit Fraud Detection Engine,0,9,109,50,122,2026,3,2026-03,0,1
1400,5,1,7c3e7d4d,Developer Profile,dev@intelligence.platform,2026-03-09 09:32:03.143646+00:00,Fix bug in core module in Sql Analytics Templates,0,9,79,50,53,2026,3,2026-03,0,1
315,1,1,46e51840,Developer Profile,dev@intelligence.platform,2026-03-09 22:21:23.125680+00:00,Fix bug in core module in Credit Fraud Detection Engine,0,22,139,57,237,2026,3,2026-03,0,0
1025,3,1,502a98f1,Developer Profile,dev@intelligence.platform,2026-03-10 14:36:12.138678+00:00,Fix bug in core module in Clinical Nlp Pipeline,1,14,98,46,30,2026,3,2026-03,0,1
1026,3,1,4b1154aa,Developer Profile,dev@intelligence.platform,2026-03-10 15:58:00.138678+00:00,Add unit tests for core module in Clinical Nlp Pipeline,1,15,29,35,127,2026,3,2026-03,0,1
745,2,1,f4c0250a,Developer Profile,dev@intelligence.platform,2026-03-10 17:43:51.132678+00:00,Benchmark core module in Deep Timeseries Forecasting,1,17,151,6,160,2026,3,2026-03,0,1
316,1,1,9f2e785c,Developer Profile,dev@intelligence.platform,2026-03-10 19:22:06.125680+00:00,Add unit tests for core module in Credit Fraud Detection Engine,1,19,97,31,20,2026,3,2026-03,0,0
746,2,1,f58cbbf4,Developer Profile,dev@intelligence.platform,2026-03-10 21:40:36.132678+00:00,Upgrade dependencies for core module in Deep Timeseries Forecasting,1,21,166,55,119,2026,3,2026-03,0,0
317,1,1,14b10ff3,Developer Profile,dev@intelligence.platform,2026-03-10 21:47:38.125680+00:00,Refactor core module in Credit Fraud Detection Engine,1,21,136,50,100,2026,3,2026-03,0,0
318,1,1,bb300fc6,Developer Profile,dev@intelligence.platform,2026-03-11 16:27:32.125680+00:00,Refactor core module in Credit Fraud Detection Engine,2,16,116,19,131,2026,3,2026-03,0,1
747,2,1,d9eb500f,Developer Profile,dev@intelligence.platform,2026-03-13 16:02:24.132678+00:00,Update documentation for core module in Deep Timeseries Forecasting,4,16,164,33,115,2026,3,2026-03,0,1
748,2,1,6d080c9f,Developer Profile,dev@intelligence.platform,2026-03-13 16:16:32.132678+00:00,Benchmark core module in Deep Timeseries Forecasting,4,16,15,42,238,2026,3,2026-03,0,1
319,1,1,175c3b0f,Developer Profile,dev@intelligence.platform,2026-03-13 19:01:16.125680+00:00,Update documentation for core module in Credit Fraud Detection Engine,4,19,100,17,111,2026,3,2026-03,0,0
1027,3,1,e9e0b0e0,Developer Profile,dev@intelligence.platform,2026-03-13 21:11:57.138678+00:00,Add unit tests for core module in Clinical Nlp Pipeline,4,21,18,58,68,2026,3,2026-03,0,0
1401,5,1,ce5becd2,Developer Profile,dev@intelligence.platform,2026-03-14 09:03:30.143646+00:00,Fix bug in core module in Sql Analytics Templates,5,9,48,46,53,2026,3,2026-03,1,0
749,2,1,6c63e8d7,Developer Profile,dev@intelligence.platform,2026-03-14 10:37:14.132678+00:00,Implement core module in Deep Timeseries Forecasting,5,10,49,19,227,2026,3,2026-03,1,0
320,1,1,efe42c6c,Developer Profile,dev@intelligence.platform,2026-03-14 14:22:21.125680+00:00,Fix bug in core module in Credit Fraud Detection Engine,5,14,26,21,115,2026,3,2026-03,1,0
750,2,1,626c25ac,Developer Profile,dev@intelligence.platform,2026-03-14 21:21:11.132678+00:00,Fix bug in core module in Deep Timeseries Forecasting,5,21,179,43,168,2026,3,2026-03,1,0
1028,3,1,bd8d8c42,Developer Profile,dev@intelligence.platform,2026-03-15 21:23:27.138678+00:00,Update documentation for core module in Clinical Nlp Pipeline,6,21,95,16,165,2026,3,2026-03,1,0
751,2,1,c5c4c800,Developer Profile,dev@intelligence.platform,2026-03-17 09:21:25.132678+00:00,Add unit tests for core module in Deep Timeseries Forecasting,1,9,39,3,150,2026,3,2026-03,0,1
1219,4,1,b0082c94,Developer Profile,dev@intelligence.platform,2026-03-17 09:27:23.141072+00:00,Refactor core module in Customer Churn Propensity Analytics,1,9,26,58,87,2026,3,2026-03,0,1
752,2,1,8781dd09,Developer Profile,dev@intelligence.platform,2026-03-17 16:30:22.132678+00:00,Implement core module in Deep Timeseries Forecasting,1,16,123,55,60,2026,3,2026-03,0,1
753,2,1,3c43bfaf,Developer Profile,dev@intelligence.platform,2026-03-17 17:15:10.132678+00:00,Implement core module in Deep Timeseries Forecasting,1,17,160,12,40,2026,3,2026-03,0,1
321,1,1,3c5744fd,Developer Profile,dev@intelligence.platform,2026-03-17 19:35:03.125680+00:00,Implement core module in Credit Fraud Detection Engine,1,19,81,12,75,2026,3,2026-03,0,0
754,2,1,fb18b5ff,Developer Profile,dev@intelligence.platform,2026-03-17 22:15:08.132678+00:00,Implement core module in Deep Timeseries Forecasting,1,22,140,23,144,2026,3,2026-03,0,0
755,2,1,42622219,Developer Profile,dev@intelligence.platform,2026-03-17 22:42:31.132678+00:00,Refactor core module in Deep Timeseries Forecasting,1,22,81,34,186,2026,3,2026-03,0,0
1402,5,1,47a22faa,Developer Profile,dev@intelligence.platform,2026-03-18 09:59:45.143646+00:00,Upgrade dependencies for core module in Sql Analytics Templates,2,9,89,28,142,2026,3,2026-03,0,1
322,1,1,a769b09e,Developer Profile,dev@intelligence.platform,2026-03-19 17:11:18.125680+00:00,Optimize core module in Credit Fraud Detection Engine,3,17,166,6,61,2026,3,2026-03,0,1
1220,4,1,20d3a7ef,Developer Profile,dev@intelligence.platform,2026-03-19 19:49:55.141072+00:00,Refactor core module in Customer Churn Propensity Analytics,3,19,129,22,79,2026,3,2026-03,0,0
323,1,1,4d76405a,Developer Profile,dev@intelligence.platform,2026-03-20 11:38:36.125680+00:00,Add unit tests for core module in Credit Fraud Detection Engine,4,11,177,24,80,2026,3,2026-03,0,1
756,2,1,856c0c48,Developer Profile,dev@intelligence.platform,2026-03-20 14:22:50.132678+00:00,Fix bug in core module in Deep Timeseries Forecasting,4,14,44,46,24,2026,3,2026-03,0,1
757,2,1,83f00b8a,Developer Profile,dev@intelligence.platform,2026-03-20 17:33:12.132678+00:00,Fix bug in core module in Deep Timeseries Forecasting,4,17,128,8,33,2026,3,2026-03,0,1
324,1,1,4baba0d5,Developer Profile,dev@intelligence.platform,2026-03-21 10:51:58.125680+00:00,Upgrade dependencies for core module in Credit Fraud Detection Engine,5,10,175,23,35,2026,3,2026-03,1,0
325,1,1,8f99679b,Developer Profile,dev@intelligence.platform,2026-03-21 15:44:34.125680+00:00,Optimize core module in Credit Fraud Detection Engine,5,15,161,60,169,2026,3,2026-03,1,0
1221,4,1,b730e83e,Developer Profile,dev@intelligence.platform,2026-03-22 15:00:11.141072+00:00,Upgrade dependencies for core module in Customer Churn Propensity Analytics,6,15,93,9,111,2026,3,2026-03,1,0
758,2,1,1a5101e4,Developer Profile,dev@intelligence.platform,2026-03-22 15:23:50.132678+00:00,Implement core module in Deep Timeseries Forecasting,6,15,17,56,87,2026,3,2026-03,1,0
1403,5,1,2be6d9ca,Developer Profile,dev@intelligence.platform,2026-03-22 15:59:53.143646+00:00,Benchmark core module in Sql Analytics Templates,6,15,169,50,25,2026,3,2026-03,1,0
759,2,1,f7c788af,Developer Profile,dev@intelligence.platform,2026-03-22 16:25:30.132678+00:00,Update documentation for core module in Deep Timeseries Forecasting,6,16,175,21,164,2026,3,2026-03,1,0
326,1,1,cf32801b,Developer Profile,dev@intelligence.platform,2026-03-23 09:53:40.125680+00:00,Fix bug in core module in Credit Fraud Detection Engine,0,9,135,13,110,2026,3,2026-03,0,1
327,1,1,955009b6,Developer Profile,dev@intelligence.platform,2026-03-23 10:09:39.125680+00:00,Implement core module in Credit Fraud Detection Engine,0,10,134,41,103,2026,3,2026-03,0,1
760,2,1,63d79c58,Developer Profile,dev@intelligence.platform,2026-03-23 17:04:02.132678+00:00,Update documentation for core module in Deep Timeseries Forecasting,0,17,140,4,44,2026,3,2026-03,0,1
761,2,1,b1d62810,Developer Profile,dev@intelligence.platform,2026-03-23 22:32:39.132678+00:00,Update documentation for core module in Deep Timeseries Forecasting,0,22,170,34,48,2026,3,2026-03,0,0
1222,4,1,298c9de1,Developer Profile,dev@intelligence.platform,2026-03-24 11:35:41.141072+00:00,Refactor core module in Customer Churn Propensity Analytics,1,11,159,50,198,2026,3,2026-03,0,1
328,1,1,055d96c5,Developer Profile,dev@intelligence.platform,2026-03-24 19:28:02.125680+00:00,Benchmark core module in Credit Fraud Detection Engine,1,19,79,51,104,2026,3,2026-03,0,0
762,2,1,49398a66,Developer Profile,dev@intelligence.platform,2026-03-25 14:17:13.132678+00:00,Implement core module in Deep Timeseries Forecasting,2,14,61,19,151,2026,3,2026-03,0,1
329,1,1,8e1f633f,Developer Profile,dev@intelligence.platform,2026-03-25 14:29:18.125680+00:00,Benchmark core module in Credit Fraud Detection Engine,2,14,94,39,239,2026,3,2026-03,0,1
1404,5,1,76364b68,Developer Profile,dev@intelligence.platform,2026-03-27 10:02:03.143646+00:00,Optimize core module in Sql Analytics Templates,4,10,135,55,148,2026,3,2026-03,0,1
1405,5,1,453da8a4,Developer Profile,dev@intelligence.platform,2026-03-27 10:35:34.143646+00:00,Optimize core module in Sql Analytics Templates,4,10,87,14,194,2026,3,2026-03,0,1
330,1,1,632ab242,Developer Profile,dev@intelligence.platform,2026-03-27 19:43:37.125680+00:00,Fix bug in core module in Credit Fraud Detection Engine,4,19,18,30,77,2026,3,2026-03,0,0
763,2,1,366dca93,Developer Profile,dev@intelligence.platform,2026-03-27 19:44:22.132678+00:00,Implement core module in Deep Timeseries Forecasting,4,19,124,3,105,2026,3,2026-03,0,0
331,1,1,aca15a54,Developer Profile,dev@intelligence.platform,2026-04-01 11:13:55.125680+00:00,Upgrade dependencies for core module in Credit Fraud Detection Engine,2,11,141,19,152,2026,4,2026-04,0,1
764,2,1,fc98a434,Developer Profile,dev@intelligence.platform,2026-04-01 17:12:35.132678+00:00,Benchmark core module in Deep Timeseries Forecasting,2,17,65,5,115,2026,4,2026-04,0,1
1029,3,1,9f585ec5,Developer Profile,dev@intelligence.platform,2026-04-01 21:02:01.138678+00:00,Refactor core module in Clinical Nlp Pipeline,2,21,140,45,188,2026,4,2026-04,0,0
765,2,1,9829d170,Developer Profile,dev@intelligence.platform,2026-04-01 21:50:19.132678+00:00,Benchmark core module in Deep Timeseries Forecasting,2,21,24,37,45,2026,4,2026-04,0,0
1030,3,1,e16f5bcb,Developer Profile,dev@intelligence.platform,2026-04-02 11:00:33.138678+00:00,Benchmark core module in Clinical Nlp Pipeline,3,11,113,22,49,2026,4,2026-04,0,1
332,1,1,7a05817b,Developer Profile,dev@intelligence.platform,2026-04-02 16:12:37.125680+00:00,Fix bug in core module in Credit Fraud Detection Engine,3,16,57,37,89,2026,4,2026-04,0,1
333,1,1,2ed90aa2,Developer Profile,dev@intelligence.platform,2026-04-02 17:36:49.125680+00:00,Fix bug in core module in Credit Fraud Detection Engine,3,17,144,30,33,2026,4,2026-04,0,1
1031,3,1,444a42c1,Developer Profile,dev@intelligence.platform,2026-04-02 19:00:32.138678+00:00,Refactor core module in Clinical Nlp Pipeline,3,19,41,6,101,2026,4,2026-04,0,0
766,2,1,dc85b0a5,Developer Profile,dev@intelligence.platform,2026-04-02 19:21:56.132678+00:00,Optimize core module in Deep Timeseries Forecasting,3,19,117,12,188,2026,4,2026-04,0,0
334,1,1,1a706e89,Developer Profile,dev@intelligence.platform,2026-04-02 21:55:29.125680+00:00,Optimize core module in Credit Fraud Detection Engine,3,21,56,13,30,2026,4,2026-04,0,0
335,1,1,88e4cfcb,Developer Profile,dev@intelligence.platform,2026-04-02 22:26:25.125680+00:00,Fix bug in core module in Credit Fraud Detection Engine,3,22,96,8,49,2026,4,2026-04,0,0
767,2,1,c43c05df,Developer Profile,dev@intelligence.platform,2026-04-03 09:34:48.132678+00:00,Implement core module in Deep Timeseries Forecasting,4,9,123,56,122,2026,4,2026-04,0,1
336,1,1,99a0890f,Developer Profile,dev@intelligence.platform,2026-04-03 22:15:27.125680+00:00,Upgrade dependencies for core module in Credit Fraud Detection Engine,4,22,87,45,110,2026,4,2026-04,0,0
337,1,1,459738ae,Developer Profile,dev@intelligence.platform,2026-04-04 11:09:55.125680+00:00,Optimize core module in Credit Fraud Detection Engine,5,11,122,29,82,2026,4,2026-04,1,0
1032,3,1,f4eb459b,Developer Profile,dev@intelligence.platform,2026-04-04 15:49:31.138678+00:00,Benchmark core module in Clinical Nlp Pipeline,5,15,91,51,34,2026,4,2026-04,1,0
338,1,1,1da954fb,Developer Profile,dev@intelligence.platform,2026-04-04 17:01:15.125680+00:00,Benchmark core module in Credit Fraud Detection Engine,5,17,74,22,170,2026,4,2026-04,1,0
768,2,1,16019130,Developer Profile,dev@intelligence.platform,2026-04-04 17:04:15.132678+00:00,Upgrade dependencies for core module in Deep Timeseries Forecasting,5,17,90,48,139,2026,4,2026-04,1,0
769,2,1,8e5c2014,Developer Profile,dev@intelligence.platform,2026-04-04 22:54:00.132678+00:00,Update documentation for core module in Deep Timeseries Forecasting,5,22,76,45,17,2026,4,2026-04,1,0
770,2,1,a0b533a0,Developer Profile,dev@intelligence.platform,2026-04-06 19:43:54.132678+00:00,Refactor core module in Deep Timeseries Forecasting,0,19,175,37,155,2026,4,2026-04,0,0
1406,5,1,b7b5ba93,Developer Profile,dev@intelligence.platform,2026-04-07 11:03:35.143646+00:00,Upgrade dependencies for core module in Sql Analytics Templates,1,11,94,57,228,2026,4,2026-04,0,1
771,2,1,810b9faa,Developer Profile,dev@intelligence.platform,2026-04-07 22:07:26.132678+00:00,Fix bug in core module in Deep Timeseries Forecasting,1,22,122,60,108,2026,4,2026-04,0,0
1033,3,1,9051af6c,Developer Profile,dev@intelligence.platform,2026-04-09 09:49:28.138678+00:00,Update documentation for core module in Clinical Nlp Pipeline,3,9,140,15,165,2026,4,2026-04,0,1
772,2,1,c8e0368f,Developer Profile,dev@intelligence.platform,2026-04-09 14:42:06.132678+00:00,Update documentation for core module in Deep Timeseries Forecasting,3,14,165,25,201,2026,4,2026-04,0,1
1223,4,1,840dfd68,Developer Profile,dev@intelligence.platform,2026-04-11 11:41:03.141072+00:00,Optimize core module in Customer Churn Propensity Analytics,5,11,64,42,66,2026,4,2026-04,1,0
1034,3,1,b5b42ba3,Developer Profile,dev@intelligence.platform,2026-04-11 16:43:08.138678+00:00,Fix bug in core module in Clinical Nlp Pipeline,5,16,153,25,180,2026,4,2026-04,1,0
339,1,1,df77b623,Developer Profile,dev@intelligence.platform,2026-04-11 17:19:54.125680+00:00,Implement core module in Credit Fraud Detection Engine,5,17,114,32,161,2026,4,2026-04,1,0
1035,3,1,5a4538f9,Developer Profile,dev@intelligence.platform,2026-04-12 09:07:15.138678+00:00,Optimize core module in Clinical Nlp Pipeline,6,9,90,45,39,2026,4,2026-04,1,0
1407,5,1,ff7c5c91,Developer Profile,dev@intelligence.platform,2026-04-12 11:21:42.143646+00:00,Add unit tests for core module in Sql Analytics Templates,6,11,11,5,63,2026,4,2026-04,1,0
340,1,1,9313d885,Developer Profile,dev@intelligence.platform,2026-04-13 09:50:49.125680+00:00,Update documentation for core module in Credit Fraud Detection Engine,0,9,100,19,100,2026,4,2026-04,0,1
1036,3,1,7e645337,Developer Profile,dev@intelligence.platform,2026-04-13 17:12:11.138678+00:00,Fix bug in core module in Clinical Nlp Pipeline,0,17,82,46,20,2026,4,2026-04,0,1
341,1,1,dc5d86d0,Developer Profile,dev@intelligence.platform,2026-04-13 17:58:33.125680+00:00,Fix bug in core module in Credit Fraud Detection Engine,0,17,104,27,31,2026,4,2026-04,0,1
342,1,1,dcf7dbe6,Developer Profile,dev@intelligence.platform,2026-04-14 16:34:03.125680+00:00,Benchmark core module in Credit Fraud Detection Engine,1,16,147,42,112,2026,4,2026-04,0,1
1224,4,1,d9cdde41,Developer Profile,dev@intelligence.platform,2026-04-16 11:41:26.141072+00:00,Implement core module in Customer Churn Propensity Analytics,3,11,38,58,240,2026,4,2026-04,0,1
773,2,1,aeb93ae6,Developer Profile,dev@intelligence.platform,2026-04-16 14:04:05.132678+00:00,Update documentation for core module in Deep Timeseries Forecasting,3,14,32,19,221,2026,4,2026-04,0,1
343,1,1,b2290d8e,Developer Profile,dev@intelligence.platform,2026-04-16 21:32:35.125680+00:00,Add unit tests for core module in Credit Fraud Detection Engine,3,21,37,37,195,2026,4,2026-04,0,0
774,2,1,5990d71c,Developer Profile,dev@intelligence.platform,2026-04-17 09:37:02.132678+00:00,Refactor core module in Deep Timeseries Forecasting,4,9,114,25,100,2026,4,2026-04,0,1
775,2,1,430324fd,Developer Profile,dev@intelligence.platform,2026-04-17 15:00:29.132678+00:00,Add unit tests for core module in Deep Timeseries Forecasting,4,15,177,10,226,2026,4,2026-04,0,1
776,2,1,3c643b0b,Developer Profile,dev@intelligence.platform,2026-04-17 15:49:01.132678+00:00,Refactor core module in Deep Timeseries Forecasting,4,15,155,59,58,2026,4,2026-04,0,1
344,1,1,80d56069,Developer Profile,dev@intelligence.platform,2026-04-17 17:22:49.125680+00:00,Benchmark core module in Credit Fraud Detection Engine,4,17,149,20,99,2026,4,2026-04,0,1
1037,3,1,df206fe9,Developer Profile,dev@intelligence.platform,2026-04-17 21:52:03.138678+00:00,Add unit tests for core module in Clinical Nlp Pipeline,4,21,16,29,137,2026,4,2026-04,0,0
777,2,1,0db0aa40,Developer Profile,dev@intelligence.platform,2026-04-18 17:22:48.132678+00:00,Refactor core module in Deep Timeseries Forecasting,5,17,109,50,192,2026,4,2026-04,1,0
1038,3,1,c4a11d8f,Developer Profile,dev@intelligence.platform,2026-04-19 10:48:41.138678+00:00,Implement core module in Clinical Nlp Pipeline,6,10,45,22,157,2026,4,2026-04,1,0
345,1,1,499c4116,Developer Profile,dev@intelligence.platform,2026-04-19 15:41:02.125680+00:00,Optimize core module in Credit Fraud Detection Engine,6,15,127,2,107,2026,4,2026-04,1,0
1225,4,1,b1f2015d,Developer Profile,dev@intelligence.platform,2026-04-19 16:09:20.141072+00:00,Implement core module in Customer Churn Propensity Analytics,6,16,19,27,114,2026,4,2026-04,1,0
346,1,1,f90a9d8b,Developer Profile,dev@intelligence.platform,2026-04-19 16:28:54.125680+00:00,Implement core module in Credit Fraud Detection Engine,6,16,46,19,184,2026,4,2026-04,1,0
778,2,1,9aa9ac8d,Developer Profile,dev@intelligence.platform,2026-04-19 22:49:57.132678+00:00,Add unit tests for core module in Deep Timeseries Forecasting,6,22,14,33,138,2026,4,2026-04,1,0
1408,5,1,5caba979,Developer Profile,dev@intelligence.platform,2026-04-20 09:31:26.143646+00:00,Optimize core module in Sql Analytics Templates,0,9,166,33,67,2026,4,2026-04,0,1
1039,3,1,e50fe8e7,Developer Profile,dev@intelligence.platform,2026-04-20 10:43:42.138678+00:00,Refactor core module in Clinical Nlp Pipeline,0,10,80,38,181,2026,4,2026-04,0,1
779,2,1,773dc68a,Developer Profile,dev@intelligence.platform,2026-04-21 09:46:06.132678+00:00,Fix bug in core module in Deep Timeseries Forecasting,1,9,20,50,133,2026,4,2026-04,0,1
347,1,1,f075ee67,Developer Profile,dev@intelligence.platform,2026-04-21 11:57:37.125680+00:00,Add unit tests for core module in Credit Fraud Detection Engine,1,11,50,18,101,2026,4,2026-04,0,1
1040,3,1,7eb3ccf1,Developer Profile,dev@intelligence.platform,2026-04-21 17:47:11.138678+00:00,Refactor core module in Clinical Nlp Pipeline,1,17,35,11,65,2026,4,2026-04,0,1
1041,3,1,e123fc5a,Developer Profile,dev@intelligence.platform,2026-04-21 17:49:27.138678+00:00,Benchmark core module in Clinical Nlp Pipeline,1,17,137,6,25,2026,4,2026-04,0,1
348,1,1,078ab3ee,Developer Profile,dev@intelligence.platform,2026-04-21 19:13:55.125680+00:00,Benchmark core module in Credit Fraud Detection Engine,1,19,21,20,16,2026,4,2026-04,0,0
1042,3,1,1b36d362,Developer Profile,dev@intelligence.platform,2026-04-22 10:24:31.138678+00:00,Implement core module in Clinical Nlp Pipeline,2,10,13,8,82,2026,4,2026-04,0,1
1409,5,1,0cf206ce,Developer Profile,dev@intelligence.platform,2026-04-22 11:16:56.143646+00:00,Upgrade dependencies for core module in Sql Analytics Templates,2,11,150,38,147,2026,4,2026-04,0,1
349,1,1,e807ac6d,Developer Profile,dev@intelligence.platform,2026-04-22 21:43:54.125680+00:00,Fix bug in core module in Credit Fraud Detection Engine,2,21,13,19,214,2026,4,2026-04,0,0
350,1,1,09412c1f,Developer Profile,dev@intelligence.platform,2026-04-23 10:10:06.125680+00:00,Add unit tests for core module in Credit Fraud Detection Engine,3,10,166,42,159,2026,4,2026-04,0,1
1226,4,1,f9bc407a,Developer Profile,dev@intelligence.platform,2026-04-23 10:13:56.141072+00:00,Refactor core module in Customer Churn Propensity Analytics,3,10,97,24,179,2026,4,2026-04,0,1
780,2,1,ca1f08ea,Developer Profile,dev@intelligence.platform,2026-04-23 16:01:17.132678+00:00,Implement core module in Deep Timeseries Forecasting,3,16,108,16,28,2026,4,2026-04,0,1
351,1,1,c45f81e0,Developer Profile,dev@intelligence.platform,2026-04-23 19:04:44.125680+00:00,Implement core module in Credit Fraud Detection Engine,3,19,174,6,179,2026,4,2026-04,0,0
1227,4,1,fa6a9611,Developer Profile,dev@intelligence.platform,2026-04-24 10:07:24.141072+00:00,Upgrade dependencies for core module in Customer Churn Propensity Analytics,4,10,88,22,20,2026,4,2026-04,0,1
1228,4,1,1303dbb6,Developer Profile,dev@intelligence.platform,2026-04-24 10:19:41.141072+00:00,Implement core module in Customer Churn Propensity Analytics,4,10,24,30,178,2026,4,2026-04,0,1
781,2,1,04f00389,Developer Profile,dev@intelligence.platform,2026-04-24 15:29:18.132678+00:00,Implement core module in Deep Timeseries Forecasting,4,15,40,9,56,2026,4,2026-04,0,1
782,2,1,5fd6dca1,Developer Profile,dev@intelligence.platform,2026-04-24 17:13:16.132678+00:00,Fix bug in core module in Deep Timeseries Forecasting,4,17,171,4,174,2026,4,2026-04,0,1
783,2,1,91741a81,Developer Profile,dev@intelligence.platform,2026-04-24 21:28:46.132678+00:00,Benchmark core module in Deep Timeseries Forecasting,4,21,163,20,83,2026,4,2026-04,0,0
352,1,1,8ca4419a,Developer Profile,dev@intelligence.platform,2026-04-25 17:06:10.125680+00:00,Upgrade dependencies for core module in Credit Fraud Detection Engine,5,17,160,11,90,2026,4,2026-04,1,0
353,1,1,355b4ef2,Developer Profile,dev@intelligence.platform,2026-04-25 17:57:51.125680+00:00,Add unit tests for core module in Credit Fraud Detection Engine,5,17,54,30,138,2026,4,2026-04,1,0
1229,4,1,745a1034,Developer Profile,dev@intelligence.platform,2026-04-26 10:28:41.141072+00:00,Optimize core module in Customer Churn Propensity Analytics,6,10,131,43,87,2026,4,2026-04,1,0
1410,5,1,6adb27cc,Developer Profile,dev@intelligence.platform,2026-04-27 11:59:43.143646+00:00,Update documentation for core module in Sql Analytics Templates,0,11,125,46,106,2026,4,2026-04,0,1
354,1,1,cab92e8e,Developer Profile,dev@intelligence.platform,2026-04-27 15:41:44.125680+00:00,Update documentation for core module in Credit Fraud Detection Engine,0,15,81,16,84,2026,4,2026-04,0,1
355,1,1,f6a59bc6,Developer Profile,dev@intelligence.platform,2026-04-27 19:55:52.125680+00:00,Add unit tests for core module in Credit Fraud Detection Engine,0,19,155,2,15,2026,4,2026-04,0,0
784,2,1,94a3ad67,Developer Profile,dev@intelligence.platform,2026-04-27 19:58:17.132678+00:00,Refactor core module in Deep Timeseries Forecasting,0,19,57,36,203,2026,4,2026-04,0,0
1043,3,1,b6ea1210,Developer Profile,dev@intelligence.platform,2026-05-01 11:03:33.138678+00:00,Implement core module in Clinical Nlp Pipeline,4,11,18,13,30,2026,5,2026-05,0,1
785,2,1,43436540,Developer Profile,dev@intelligence.platform,2026-05-01 14:21:37.132678+00:00,Optimize core module in Deep Timeseries Forecasting,4,14,134,57,184,2026,5,2026-05,0,1
1411,5,1,fb2db39c,Developer Profile,dev@intelligence.platform,2026-05-01 14:27:56.143646+00:00,Optimize core module in Sql Analytics Templates,4,14,106,55,103,2026,5,2026-05,0,1
786,2,1,35ebd428,Developer Profile,dev@intelligence.platform,2026-05-02 09:35:36.132678+00:00,Upgrade dependencies for core module in Deep Timeseries Forecasting,5,9,71,11,83,2026,5,2026-05,1,0
1412,5,1,24ef7adc,Developer Profile,dev@intelligence.platform,2026-05-02 16:55:01.143646+00:00,Implement core module in Sql Analytics Templates,5,16,51,51,145,2026,5,2026-05,1,0
1044,3,1,12a8743a,Developer Profile,dev@intelligence.platform,2026-05-02 19:19:52.138678+00:00,Update documentation for core module in Clinical Nlp Pipeline,5,19,54,31,150,2026,5,2026-05,1,0
1413,5,1,daf58d1a,Developer Profile,dev@intelligence.platform,2026-05-02 22:30:19.143646+00:00,Refactor core module in Sql Analytics Templates,5,22,63,27,136,2026,5,2026-05,1,0
356,1,1,75c96165,Developer Profile,dev@intelligence.platform,2026-05-03 21:34:07.125680+00:00,Implement core module in Credit Fraud Detection Engine,6,21,61,15,107,2026,5,2026-05,1,0
787,2,1,e3a1ec53,Developer Profile,dev@intelligence.platform,2026-05-04 09:45:04.132678+00:00,Benchmark core module in Deep Timeseries Forecasting,0,9,10,45,42,2026,5,2026-05,0,1
1230,4,1,d25ea4f5,Developer Profile,dev@intelligence.platform,2026-05-05 11:17:58.141072+00:00,Add unit tests for core module in Customer Churn Propensity Analytics,1,11,95,29,200,2026,5,2026-05,0,1
357,1,1,10c053ed,Developer Profile,dev@intelligence.platform,2026-05-05 11:20:21.125680+00:00,Refactor core module in Credit Fraud Detection Engine,1,11,77,48,173,2026,5,2026-05,0,1
1414,5,1,0eb6ab42,Developer Profile,dev@intelligence.platform,2026-05-05 19:03:42.143646+00:00,Add unit tests for core module in Sql Analytics Templates,1,19,12,8,216,2026,5,2026-05,0,0
788,2,1,656b01e6,Developer Profile,dev@intelligence.platform,2026-05-06 09:43:57.132678+00:00,Fix bug in core module in Deep Timeseries Forecasting,2,9,28,27,62,2026,5,2026-05,0,1
789,2,1,ac704eb2,Developer Profile,dev@intelligence.platform,2026-05-06 11:16:24.132678+00:00,Fix bug in core module in Deep Timeseries Forecasting,2,11,112,51,93,2026,5,2026-05,0,1
790,2,1,c8205e11,Developer Profile,dev@intelligence.platform,2026-05-06 21:26:25.132678+00:00,Implement core module in Deep Timeseries Forecasting,2,21,96,28,123,2026,5,2026-05,0,0
791,2,1,a050942d,Developer Profile,dev@intelligence.platform,2026-05-07 09:02:01.132678+00:00,Update documentation for core module in Deep Timeseries Forecasting,3,9,143,22,201,2026,5,2026-05,0,1
358,1,1,2e0238a3,Developer Profile,dev@intelligence.platform,2026-05-07 09:35:56.125680+00:00,Add unit tests for core module in Credit Fraud Detection Engine,3,9,30,33,157,2026,5,2026-05,0,1
359,1,1,dddcaaab,Developer Profile,dev@intelligence.platform,2026-05-07 14:46:30.125680+00:00,Refactor core module in Credit Fraud Detection Engine,3,14,116,28,77,2026,5,2026-05,0,1
792,2,1,12a23e69,Developer Profile,dev@intelligence.platform,2026-05-07 21:32:50.132678+00:00,Benchmark core module in Deep Timeseries Forecasting,3,21,96,47,39,2026,5,2026-05,0,0
793,2,1,613d0730,Developer Profile,dev@intelligence.platform,2026-05-07 22:16:48.132678+00:00,Fix bug in core module in Deep Timeseries Forecasting,3,22,83,12,25,2026,5,2026-05,0,0
794,2,1,6bc06a7b,Developer Profile,dev@intelligence.platform,2026-05-08 11:12:27.132678+00:00,Upgrade dependencies for core module in Deep Timeseries Forecasting,4,11,66,11,95,2026,5,2026-05,0,1
1045,3,1,0b8ce516,Developer Profile,dev@intelligence.platform,2026-05-08 16:01:56.138678+00:00,Fix bug in core module in Clinical Nlp Pipeline,4,16,134,39,97,2026,5,2026-05,0,1
360,1,1,46079dee,Developer Profile,dev@intelligence.platform,2026-05-09 11:03:25.125680+00:00,Implement core module in Credit Fraud Detection Engine,5,11,136,10,209,2026,5,2026-05,1,0
361,1,1,b48033b5,Developer Profile,dev@intelligence.platform,2026-05-09 11:44:23.125680+00:00,Upgrade dependencies for core module in Credit Fraud Detection Engine,5,11,64,22,179,2026,5,2026-05,1,0
1415,5,1,594877d9,Developer Profile,dev@intelligence.platform,2026-05-09 16:06:01.143646+00:00,Upgrade dependencies for core module in Sql Analytics Templates,5,16,13,48,105,2026,5,2026-05,1,0
1231,4,1,658628dc,Developer Profile,dev@intelligence.platform,2026-05-09 16:23:49.141072+00:00,Upgrade dependencies for core module in Customer Churn Propensity Analytics,5,16,127,38,213,2026,5,2026-05,1,0
1232,4,1,f84d5238,Developer Profile,dev@intelligence.platform,2026-05-10 11:24:07.141072+00:00,Upgrade dependencies for core module in Customer Churn Propensity Analytics,6,11,33,20,150,2026,5,2026-05,1,0
1416,5,1,ba61cde3,Developer Profile,dev@intelligence.platform,2026-05-11 09:47:01.143646+00:00,Implement core module in Sql Analytics Templates,0,9,111,6,220,2026,5,2026-05,0,1
362,1,1,78044e9a,Developer Profile,dev@intelligence.platform,2026-05-11 11:05:43.125680+00:00,Update documentation for core module in Credit Fraud Detection Engine,0,11,115,35,178,2026,5,2026-05,0,1
1233,4,1,d9e4bc57,Developer Profile,dev@intelligence.platform,2026-05-11 14:47:36.141072+00:00,Benchmark core module in Customer Churn Propensity Analytics,0,14,67,37,26,2026,5,2026-05,0,1
1046,3,1,62f7d97e,Developer Profile,dev@intelligence.platform,2026-05-11 22:13:33.138678+00:00,Optimize core module in Clinical Nlp Pipeline,0,22,142,32,215,2026,5,2026-05,0,0
363,1,1,e5463c7c,Developer Profile,dev@intelligence.platform,2026-05-12 09:53:12.125680+00:00,Benchmark core module in Credit Fraud Detection Engine,1,9,52,13,31,2026,5,2026-05,0,1
1047,3,1,a0aa7f3f,Developer Profile,dev@intelligence.platform,2026-05-12 15:22:28.138678+00:00,Fix bug in core module in Clinical Nlp Pipeline,1,15,55,53,240,2026,5,2026-05,0,1
795,2,1,3ce4727e,Developer Profile,dev@intelligence.platform,2026-05-13 11:25:41.132678+00:00,Upgrade dependencies for core module in Deep Timeseries Forecasting,2,11,63,29,234,2026,5,2026-05,0,1
364,1,1,ed7bf0fa,Developer Profile,dev@intelligence.platform,2026-05-13 14:02:53.125680+00:00,Fix bug in core module in Credit Fraud Detection Engine,2,14,134,27,133,2026,5,2026-05,0,1
365,1,1,7d932aad,Developer Profile,dev@intelligence.platform,2026-05-13 17:03:58.125680+00:00,Refactor core module in Credit Fraud Detection Engine,2,17,61,41,87,2026,5,2026-05,0,1
1417,5,1,b123e592,Developer Profile,dev@intelligence.platform,2026-05-13 19:33:10.143646+00:00,Upgrade dependencies for core module in Sql Analytics Templates,2,19,159,45,92,2026,5,2026-05,0,0
796,2,1,f2926d8d,Developer Profile,dev@intelligence.platform,2026-05-13 19:40:51.132678+00:00,Benchmark core module in Deep Timeseries Forecasting,2,19,65,40,181,2026,5,2026-05,0,0
1048,3,1,7a4114f0,Developer Profile,dev@intelligence.platform,2026-05-13 21:35:07.138678+00:00,Fix bug in core module in Clinical Nlp Pipeline,2,21,166,48,120,2026,5,2026-05,0,0
1049,3,1,15ee6963,Developer Profile,dev@intelligence.platform,2026-05-14 09:33:45.138678+00:00,Upgrade dependencies for core module in Clinical Nlp Pipeline,3,9,114,55,94,2026,5,2026-05,0,1
797,2,1,59a05a57,Developer Profile,dev@intelligence.platform,2026-05-14 15:21:52.132678+00:00,Fix bug in core module in Deep Timeseries Forecasting,3,15,174,2,93,2026,5,2026-05,0,1
1418,5,1,72619618,Developer Profile,dev@intelligence.platform,2026-05-15 09:48:29.143646+00:00,Fix bug in core module in Sql Analytics Templates,4,9,53,20,85,2026,5,2026-05,0,1
798,2,1,3de8b385,Developer Profile,dev@intelligence.platform,2026-05-15 16:19:05.132678+00:00,Benchmark core module in Deep Timeseries Forecasting,4,16,163,27,28,2026,5,2026-05,0,1
366,1,1,776dab17,Developer Profile,dev@intelligence.platform,2026-05-15 16:44:51.125680+00:00,Implement core module in Credit Fraud Detection Engine,4,16,143,5,23,2026,5,2026-05,0,1
1050,3,1,e7014129,Developer Profile,dev@intelligence.platform,2026-05-15 22:00:04.138678+00:00,Upgrade dependencies for core module in Clinical Nlp Pipeline,4,22,173,6,147,2026,5,2026-05,0,0
1051,3,1,e47068ca,Developer Profile,dev@intelligence.platform,2026-05-18 14:28:37.138678+00:00,Implement core module in Clinical Nlp Pipeline,0,14,86,25,91,2026,5,2026-05,0,1
799,2,1,ba01c2dc,Developer Profile,dev@intelligence.platform,2026-05-18 14:30:07.132678+00:00,Refactor core module in Deep Timeseries Forecasting,0,14,23,9,204,2026,5,2026-05,0,1
800,2,1,63fb9df4,Developer Profile,dev@intelligence.platform,2026-05-18 15:00:23.132678+00:00,Benchmark core module in Deep Timeseries Forecasting,0,15,100,50,203,2026,5,2026-05,0,1
367,1,1,41d6bf1b,Developer Profile,dev@intelligence.platform,2026-05-18 15:44:53.125680+00:00,Optimize core module in Credit Fraud Detection Engine,0,15,133,45,24,2026,5,2026-05,0,1
368,1,1,418d4ebe,Developer Profile,dev@intelligence.platform,2026-05-18 16:00:13.125680+00:00,Fix bug in core module in Credit Fraud Detection Engine,0,16,180,42,228,2026,5,2026-05,0,1
1419,5,1,1f69a35f,Developer Profile,dev@intelligence.platform,2026-05-18 16:14:46.143646+00:00,Optimize core module in Sql Analytics Templates,0,16,168,47,240,2026,5,2026-05,0,1
369,1,1,082de447,Developer Profile,dev@intelligence.platform,2026-05-18 17:24:20.125680+00:00,Benchmark core module in Credit Fraud Detection Engine,0,17,139,17,232,2026,5,2026-05,0,1
370,1,1,174f3448,Developer Profile,dev@intelligence.platform,2026-05-18 17:43:05.125680+00:00,Fix bug in core module in Credit Fraud Detection Engine,0,17,39,5,38,2026,5,2026-05,0,1
1234,4,1,0e179866,Developer Profile,dev@intelligence.platform,2026-05-18 17:45:41.141072+00:00,Add unit tests for core module in Customer Churn Propensity Analytics,0,17,82,16,236,2026,5,2026-05,0,1
801,2,1,6dff01de,Developer Profile,dev@intelligence.platform,2026-05-18 21:01:16.132678+00:00,Fix bug in core module in Deep Timeseries Forecasting,0,21,166,9,59,2026,5,2026-05,0,0
371,1,1,463c4e5e,Developer Profile,dev@intelligence.platform,2026-05-19 10:57:52.125680+00:00,Refactor core module in Credit Fraud Detection Engine,1,10,49,51,235,2026,5,2026-05,0,1
372,1,1,3c59d089,Developer Profile,dev@intelligence.platform,2026-05-19 17:41:49.125680+00:00,Refactor core module in Credit Fraud Detection Engine,1,17,119,44,198,2026,5,2026-05,0,1
1420,5,1,0c3b44d7,Developer Profile,dev@intelligence.platform,2026-05-19 21:10:09.143646+00:00,Fix bug in core module in Sql Analytics Templates,1,21,31,56,62,2026,5,2026-05,0,0
802,2,1,1d753d5b,Developer Profile,dev@intelligence.platform,2026-05-20 10:21:08.132678+00:00,Add unit tests for core module in Deep Timeseries Forecasting,2,10,30,7,114,2026,5,2026-05,0,1
803,2,1,41ea20e5,Developer Profile,dev@intelligence.platform,2026-05-20 19:46:59.132678+00:00,Upgrade dependencies for core module in Deep Timeseries Forecasting,2,19,161,32,203,2026,5,2026-05,0,0
1052,3,1,9d601965,Developer Profile,dev@intelligence.platform,2026-05-20 21:33:02.138678+00:00,Benchmark core module in Clinical Nlp Pipeline,2,21,45,8,165,2026,5,2026-05,0,0
373,1,1,c692f008,Developer Profile,dev@intelligence.platform,2026-05-21 09:42:46.125680+00:00,Benchmark core module in Credit Fraud Detection Engine,3,9,162,9,192,2026,5,2026-05,0,1
804,2,1,1b1e170d,Developer Profile,dev@intelligence.platform,2026-05-21 11:39:03.132678+00:00,Refactor core module in Deep Timeseries Forecasting,3,11,33,12,210,2026,5,2026-05,0,1
1235,4,1,59157159,Developer Profile,dev@intelligence.platform,2026-05-21 16:28:29.141072+00:00,Benchmark core module in Customer Churn Propensity Analytics,3,16,77,51,79,2026,5,2026-05,0,1
374,1,1,a010ef7b,Developer Profile,dev@intelligence.platform,2026-05-22 09:49:19.125680+00:00,Refactor core module in Credit Fraud Detection Engine,4,9,156,6,28,2026,5,2026-05,0,1
1053,3,1,340ea190,Developer Profile,dev@intelligence.platform,2026-05-22 10:59:45.138678+00:00,Upgrade dependencies for core module in Clinical Nlp Pipeline,4,10,162,9,175,2026,5,2026-05,0,1
1054,3,1,9f3b2efa,Developer Profile,dev@intelligence.platform,2026-05-23 10:07:11.138678+00:00,Optimize core module in Clinical Nlp Pipeline,5,10,170,58,237,2026,5,2026-05,1,0
375,1,1,a9eb8a8c,Developer Profile,dev@intelligence.platform,2026-05-23 17:22:59.125680+00:00,Refactor core module in Credit Fraud Detection Engine,5,17,76,5,84,2026,5,2026-05,1,0
1421,5,1,e4b49d52,Developer Profile,dev@intelligence.platform,2026-05-23 19:47:23.143646+00:00,Add unit tests for core module in Sql Analytics Templates,5,19,71,19,137,2026,5,2026-05,1,0
1236,4,1,1705b48c,Developer Profile,dev@intelligence.platform,2026-05-24 14:36:04.141072+00:00,Upgrade dependencies for core module in Customer Churn Propensity Analytics,6,14,137,51,105,2026,5,2026-05,1,0
805,2,1,61d04b0a,Developer Profile,dev@intelligence.platform,2026-05-24 16:07:07.132678+00:00,Upgrade dependencies for core module in Deep Timeseries Forecasting,6,16,62,59,30,2026,5,2026-05,1,0
806,2,1,2d23909c,Developer Profile,dev@intelligence.platform,2026-05-24 16:47:49.132678+00:00,Benchmark core module in Deep Timeseries Forecasting,6,16,43,33,240,2026,5,2026-05,1,0
376,1,1,9ad7aeca,Developer Profile,dev@intelligence.platform,2026-05-24 21:21:37.125680+00:00,Optimize core module in Credit Fraud Detection Engine,6,21,178,25,142,2026,5,2026-05,1,0
807,2,1,7607a219,Developer Profile,dev@intelligence.platform,2026-05-25 09:04:36.132678+00:00,Add unit tests for core module in Deep Timeseries Forecasting,0,9,129,38,165,2026,5,2026-05,0,1
377,1,1,888d3548,Developer Profile,dev@intelligence.platform,2026-05-25 09:26:38.125680+00:00,Implement core module in Credit Fraud Detection Engine,0,9,158,6,156,2026,5,2026-05,0,1
808,2,1,86d4155e,Developer Profile,dev@intelligence.platform,2026-05-25 15:41:12.132678+00:00,Benchmark core module in Deep Timeseries Forecasting,0,15,132,32,150,2026,5,2026-05,0,1
809,2,1,a31a2e9d,Developer Profile,dev@intelligence.platform,2026-05-25 15:44:21.132678+00:00,Implement core module in Deep Timeseries Forecasting,0,15,127,8,30,2026,5,2026-05,0,1
1237,4,1,39fb7674,Developer Profile,dev@intelligence.platform,2026-05-25 17:14:49.141072+00:00,Update documentation for core module in Customer Churn Propensity Analytics,0,17,150,11,223,2026,5,2026-05,0,1
810,2,1,940e3d49,Developer Profile,dev@intelligence.platform,2026-05-26 16:24:07.132678+00:00,Add unit tests for core module in Deep Timeseries Forecasting,1,16,36,30,227,2026,5,2026-05,0,1
1055,3,1,a525363a,Developer Profile,dev@intelligence.platform,2026-05-26 16:56:27.138678+00:00,Implement core module in Clinical Nlp Pipeline,1,16,102,48,175,2026,5,2026-05,0,1
378,1,1,afa96a13,Developer Profile,dev@intelligence.platform,2026-05-26 17:46:31.125680+00:00,Fix bug in core module in Credit Fraud Detection Engine,1,17,12,16,41,2026,5,2026-05,0,1
811,2,1,648861ce,Developer Profile,dev@intelligence.platform,2026-05-26 21:22:11.132678+00:00,Add unit tests for core module in Deep Timeseries Forecasting,1,21,66,41,173,2026,5,2026-05,0,0
812,2,1,b613473a,Developer Profile,dev@intelligence.platform,2026-05-27 21:27:18.132678+00:00,Optimize core module in Deep Timeseries Forecasting,2,21,176,29,15,2026,5,2026-05,0,0
1422,5,1,8d5d5b51,Developer Profile,dev@intelligence.platform,2026-05-28 22:12:34.143646+00:00,Benchmark core module in Sql Analytics Templates,3,22,110,59,107,2026,5,2026-05,0,0
813,2,1,ca96e250,Developer Profile,dev@intelligence.platform,2026-05-28 22:35:14.132678+00:00,Fix bug in core module in Deep Timeseries Forecasting,3,22,58,36,215,2026,5,2026-05,0,0
1056,3,1,29a63cba,Developer Profile,dev@intelligence.platform,2026-06-02 22:28:10.138678+00:00,Optimize core module in Clinical Nlp Pipeline,1,22,168,15,134,2026,6,2026-06,0,0
1238,4,1,0c28b864,Developer Profile,dev@intelligence.platform,2026-06-03 10:41:54.141072+00:00,Add unit tests for core module in Customer Churn Propensity Analytics,2,10,98,35,132,2026,6,2026-06,0,1
379,1,1,e88345aa,Developer Profile,dev@intelligence.platform,2026-06-05 15:44:37.125680+00:00,Fix bug in core module in Credit Fraud Detection Engine,4,15,69,43,23,2026,6,2026-06,0,1
814,2,1,0998d640,Developer Profile,dev@intelligence.platform,2026-06-05 17:08:05.132678+00:00,Optimize core module in Deep Timeseries Forecasting,4,17,155,26,82,2026,6,2026-06,0,1
380,1,1,7043578e,Developer Profile,dev@intelligence.platform,2026-06-05 19:08:05.125680+00:00,Add unit tests for core module in Credit Fraud Detection Engine,4,19,43,4,196,2026,6,2026-06,0,0
1239,4,1,9536bd35,Developer Profile,dev@intelligence.platform,2026-06-07 17:16:44.141072+00:00,Refactor core module in Customer Churn Propensity Analytics,6,17,164,45,198,2026,6,2026-06,1,0
815,2,1,6a099926,Developer Profile,dev@intelligence.platform,2026-06-07 21:26:57.132678+00:00,Update documentation for core module in Deep Timeseries Forecasting,6,21,111,13,142,2026,6,2026-06,1,0
816,2,1,3e5440e5,Developer Profile,dev@intelligence.platform,2026-06-08 21:57:52.132678+00:00,Add unit tests for core module in Deep Timeseries Forecasting,0,21,91,58,203,2026,6,2026-06,0,0
817,2,1,af4149ef,Developer Profile,dev@intelligence.platform,2026-06-10 17:57:07.132678+00:00,Benchmark core module in Deep Timeseries Forecasting,2,17,27,18,188,2026,6,2026-06,0,1
1240,4,1,04ab85fb,Developer Profile,dev@intelligence.platform,2026-06-10 21:52:37.141072+00:00,Upgrade dependencies for core module in Customer Churn Propensity Analytics,2,21,98,9,39,2026,6,2026-06,0,0
1057,3,1,06c43561,Developer Profile,dev@intelligence.platform,2026-06-11 11:29:29.138678+00:00,Benchmark core module in Clinical Nlp Pipeline,3,11,149,29,234,2026,6,2026-06,0,1
1241,4,1,a6ece0b5,Developer Profile,dev@intelligence.platform,2026-06-11 11:33:32.141072+00:00,Implement core module in Customer Churn Propensity Analytics,3,11,154,2,123,2026,6,2026-06,0,1
1242,4,1,2301a3db,Developer Profile,dev@intelligence.platform,2026-06-11 22:00:09.141072+00:00,Upgrade dependencies for core module in Customer Churn Propensity Analytics,3,22,88,2,231,2026,6,2026-06,0,0
381,1,1,9389734b,Developer Profile,dev@intelligence.platform,2026-06-12 22:57:12.125680+00:00,Benchmark core module in Credit Fraud Detection Engine,4,22,174,46,185,2026,6,2026-06,0,0
1423,5,1,ae5b8678,Developer Profile,dev@intelligence.platform,2026-06-13 09:12:16.143646+00:00,Upgrade dependencies for core module in Sql Analytics Templates,5,9,144,25,202,2026,6,2026-06,1,0
1058,3,1,9843a1a1,Developer Profile,dev@intelligence.platform,2026-06-13 14:51:30.138678+00:00,Refactor core module in Clinical Nlp Pipeline,5,14,42,15,90,2026,6,2026-06,1,0
818,2,1,b17e8ab9,Developer Profile,dev@intelligence.platform,2026-06-13 15:24:11.132678+00:00,Benchmark core module in Deep Timeseries Forecasting,5,15,110,31,57,2026,6,2026-06,1,0
819,2,1,6ff61e5b,Developer Profile,dev@intelligence.platform,2026-06-13 19:48:29.132678+00:00,Implement core module in Deep Timeseries Forecasting,5,19,156,26,166,2026,6,2026-06,1,0
382,1,1,849617a1,Developer Profile,dev@intelligence.platform,2026-06-14 10:45:21.125680+00:00,Update documentation for core module in Credit Fraud Detection Engine,6,10,103,18,63,2026,6,2026-06,1,0
820,2,1,0c34ad1c,Developer Profile,dev@intelligence.platform,2026-06-16 19:48:25.132678+00:00,Add unit tests for core module in Deep Timeseries Forecasting,1,19,15,6,112,2026,6,2026-06,0,0
821,2,1,9da72112,Developer Profile,dev@intelligence.platform,2026-06-16 21:58:25.132678+00:00,Add unit tests for core module in Deep Timeseries Forecasting,1,21,43,28,57,2026,6,2026-06,0,0
383,1,1,83e6edd3,Developer Profile,dev@intelligence.platform,2026-06-17 16:11:14.125680+00:00,Add unit tests for core module in Credit Fraud Detection Engine,2,16,166,48,221,2026,6,2026-06,0,1
1059,3,1,62bd2247,Developer Profile,dev@intelligence.platform,2026-06-17 21:16:54.138678+00:00,Fix bug in core module in Clinical Nlp Pipeline,2,21,22,15,233,2026,6,2026-06,0,0
1243,4,1,95ee5355,Developer Profile,dev@intelligence.platform,2026-06-18 09:32:41.141072+00:00,Add unit tests for core module in Customer Churn Propensity Analytics,3,9,180,46,35,2026,6,2026-06,0,1
822,2,1,bb41cb71,Developer Profile,dev@intelligence.platform,2026-06-18 19:50:53.132678+00:00,Fix bug in core module in Deep Timeseries Forecasting,3,19,163,52,207,2026,6,2026-06,0,0
1060,3,1,9640c997,Developer Profile,dev@intelligence.platform,2026-06-19 09:11:53.138678+00:00,Optimize core module in Clinical Nlp Pipeline,4,9,38,23,144,2026,6,2026-06,0,1
384,1,1,016e6844,Developer Profile,dev@intelligence.platform,2026-06-19 09:29:27.125680+00:00,Fix bug in core module in Credit Fraud Detection Engine,4,9,142,25,16,2026,6,2026-06,0,1
823,2,1,0b9f5aa8,Developer Profile,dev@intelligence.platform,2026-06-19 14:13:45.132678+00:00,Implement core module in Deep Timeseries Forecasting,4,14,103,45,29,2026,6,2026-06,0,1
824,2,1,2314d45e,Developer Profile,dev@intelligence.platform,2026-06-20 09:03:29.132678+00:00,Benchmark core module in Deep Timeseries Forecasting,5,9,57,35,183,2026,6,2026-06,1,0
825,2,1,cf22cc4a,Developer Profile,dev@intelligence.platform,2026-06-20 11:24:09.132678+00:00,Fix bug in core module in Deep Timeseries Forecasting,5,11,33,49,39,2026,6,2026-06,1,0
826,2,1,e76f5125,Developer Profile,dev@intelligence.platform,2026-06-21 11:12:00.132678+00:00,Upgrade dependencies for core module in Deep Timeseries Forecasting,6,11,14,60,132,2026,6,2026-06,1,0
385,1,1,bd10a707,Developer Profile,dev@intelligence.platform,2026-06-21 14:12:21.125680+00:00,Optimize core module in Credit Fraud Detection Engine,6,14,159,47,170,2026,6,2026-06,1,0
1061,3,1,3fc5bb18,Developer Profile,dev@intelligence.platform,2026-06-24 11:20:39.138678+00:00,Benchmark core module in Clinical Nlp Pipeline,2,11,75,28,108,2026,6,2026-06,0,1
386,1,1,5594069e,Developer Profile,dev@intelligence.platform,2026-06-24 15:12:44.125680+00:00,Optimize core module in Credit Fraud Detection Engine,2,15,104,56,73,2026,6,2026-06,0,1
1062,3,1,6741ce2e,Developer Profile,dev@intelligence.platform,2026-06-24 17:40:31.138678+00:00,Update documentation for core module in Clinical Nlp Pipeline,2,17,123,31,162,2026,6,2026-06,0,1
387,1,1,8795bec8,Developer Profile,dev@intelligence.platform,2026-06-24 19:37:02.125680+00:00,Upgrade dependencies for core module in Credit Fraud Detection Engine,2,19,46,29,63,2026,6,2026-06,0,0
1063,3,1,ecf759c3,Developer Profile,dev@intelligence.platform,2026-06-24 22:04:20.138678+00:00,Fix bug in core module in Clinical Nlp Pipeline,2,22,160,36,146,2026,6,2026-06,0,0
388,1,1,b97dcbaf,Developer Profile,dev@intelligence.platform,2026-06-24 22:37:31.125680+00:00,Implement core module in Credit Fraud Detection Engine,2,22,11,21,55,2026,6,2026-06,0,0
1244,4,1,5b607d5a,Developer Profile,dev@intelligence.platform,2026-06-24 22:53:22.141072+00:00,Refactor core module in Customer Churn Propensity Analytics,2,22,42,29,208,2026,6,2026-06,0,0
389,1,1,f118b58a,Developer Profile,dev@intelligence.platform,2026-06-26 09:08:00.125680+00:00,Add unit tests for core module in Credit Fraud Detection Engine,4,9,40,54,195,2026,6,2026-06,0,1
390,1,1,45a91cba,Developer Profile,dev@intelligence.platform,2026-06-26 19:24:53.125680+00:00,Implement core module in Credit Fraud Detection Engine,4,19,157,13,121,2026,6,2026-06,0,0
1245,4,1,8caed983,Developer Profile,dev@intelligence.platform,2026-06-28 15:19:59.141072+00:00,Refactor core module in Customer Churn Propensity Analytics,6,15,96,8,87,2026,6,2026-06,1,0
1246,4,1,6007a987,Developer Profile,dev@intelligence.platform,2026-06-28 22:07:00.141072+00:00,Refactor core module in Customer Churn Propensity Analytics,6,22,112,55,172,2026,6,2026-06,1,0
391,1,1,526f99aa,Developer Profile,dev@intelligence.platform,2026-07-01 16:35:10.125680+00:00,Update documentation for core module in Credit Fraud Detection Engine,2,16,111,30,104,2026,7,2026-07,0,1
1064,3,1,17e56b6c,Developer Profile,dev@intelligence.platform,2026-07-03 11:24:10.138678+00:00,Upgrade dependencies for core module in Clinical Nlp Pipeline,4,11,118,40,154,2026,7,2026-07,0,1
392,1,1,b5a000d1,Developer Profile,dev@intelligence.platform,2026-07-04 10:19:34.125680+00:00,Add unit tests for core module in Credit Fraud Detection Engine,5,10,62,58,35,2026,7,2026-07,1,0
1065,3,1,22c35015,Developer Profile,dev@intelligence.platform,2026-07-04 17:37:55.138678+00:00,Add unit tests for core module in Clinical Nlp Pipeline,5,17,109,27,94,2026,7,2026-07,1,0
1247,4,1,86448a0c,Developer Profile,dev@intelligence.platform,2026-07-04 19:09:29.141072+00:00,Implement core module in Customer Churn Propensity Analytics,5,19,170,26,217,2026,7,2026-07,1,0
393,1,1,bcce7291,Developer Profile,dev@intelligence.platform,2026-07-04 21:07:59.125680+00:00,Optimize core module in Credit Fraud Detection Engine,5,21,104,22,86,2026,7,2026-07,1,0
1424,5,1,b6722701,Developer Profile,dev@intelligence.platform,2026-07-04 21:43:34.143646+00:00,Refactor core module in Sql Analytics Templates,5,21,138,46,119,2026,7,2026-07,1,0
394,1,1,f539a299,Developer Profile,dev@intelligence.platform,2026-07-05 11:52:01.125680+00:00,Fix bug in core module in Credit Fraud Detection Engine,6,11,119,54,90,2026,7,2026-07,1,0
827,2,1,bd7f4784,Developer Profile,dev@intelligence.platform,2026-07-05 15:09:25.132678+00:00,Fix bug in core module in Deep Timeseries Forecasting,6,15,58,31,134,2026,7,2026-07,1,0
828,2,1,d738b624,Developer Profile,dev@intelligence.platform,2026-07-05 16:09:54.132678+00:00,Refactor core module in Deep Timeseries Forecasting,6,16,108,3,177,2026,7,2026-07,1,0
829,2,1,0fec6cd4,Developer Profile,dev@intelligence.platform,2026-07-05 22:15:06.132678+00:00,Optimize core module in Deep Timeseries Forecasting,6,22,71,60,77,2026,7,2026-07,1,0
1066,3,1,450362e5,Developer Profile,dev@intelligence.platform,2026-07-06 09:20:00.138678+00:00,Add unit tests for core module in Clinical Nlp Pipeline,0,9,32,43,15,2026,7,2026-07,0,1
830,2,1,e1886451,Developer Profile,dev@intelligence.platform,2026-07-06 11:49:24.132678+00:00,Refactor core module in Deep Timeseries Forecasting,0,11,138,6,160,2026,7,2026-07,0,1
395,1,1,e2737195,Developer Profile,dev@intelligence.platform,2026-07-06 21:50:01.125680+00:00,Optimize core module in Credit Fraud Detection Engine,0,21,110,41,108,2026,7,2026-07,0,0
396,1,1,5b112cf8,Developer Profile,dev@intelligence.platform,2026-07-07 11:49:14.125680+00:00,Implement core module in Credit Fraud Detection Engine,1,11,108,50,93,2026,7,2026-07,0,1
831,2,1,1506538d,Developer Profile,dev@intelligence.platform,2026-07-07 17:53:08.132678+00:00,Add unit tests for core module in Deep Timeseries Forecasting,1,17,14,14,89,2026,7,2026-07,0,1
397,1,1,f5d3e107,Developer Profile,dev@intelligence.platform,2026-07-08 16:51:15.125680+00:00,Update documentation for core module in Credit Fraud Detection Engine,2,16,89,3,61,2026,7,2026-07,0,1
1067,3,1,5ac409b2,Developer Profile,dev@intelligence.platform,2026-07-08 17:18:50.138678+00:00,Upgrade dependencies for core module in Clinical Nlp Pipeline,2,17,98,11,160,2026,7,2026-07,0,1
1248,4,1,2ac548eb,Developer Profile,dev@intelligence.platform,2026-07-09 17:02:42.141072+00:00,Refactor core module in Customer Churn Propensity Analytics,3,17,147,6,88,2026,7,2026-07,0,1
832,2,1,f066c5af,Developer Profile,dev@intelligence.platform,2026-07-09 19:37:36.132678+00:00,Optimize core module in Deep Timeseries Forecasting,3,19,15,10,196,2026,7,2026-07,0,0
398,1,1,d1ce5e26,Developer Profile,dev@intelligence.platform,2026-07-10 09:03:07.125680+00:00,Optimize core module in Credit Fraud Detection Engine,4,9,43,13,150,2026,7,2026-07,0,1
833,2,1,379970c2,Developer Profile,dev@intelligence.platform,2026-07-11 15:17:36.132678+00:00,Benchmark core module in Deep Timeseries Forecasting,5,15,25,46,201,2026,7,2026-07,1,0
834,2,1,4e53d6b8,Developer Profile,dev@intelligence.platform,2026-07-12 09:00:29.132678+00:00,Update documentation for core module in Deep Timeseries Forecasting,6,9,120,6,63,2026,7,2026-07,1,0
1249,4,1,b134c77a,Developer Profile,dev@intelligence.platform,2026-07-12 15:03:56.141072+00:00,Add unit tests for core module in Customer Churn Propensity Analytics,6,15,167,23,236,2026,7,2026-07,1,0
399,1,1,e6951fc7,Developer Profile,dev@intelligence.platform,2026-07-13 19:07:01.125680+00:00,Upgrade dependencies for core module in Credit Fraud Detection Engine,0,19,14,38,116,2026,7,2026-07,0,0
1250,4,1,cf150a46,Developer Profile,dev@intelligence.platform,2026-07-14 14:42:40.141072+00:00,Refactor core module in Customer Churn Propensity Analytics,1,14,86,39,150,2026,7,2026-07,0,1
1068,3,1,42673ffb,Developer Profile,dev@intelligence.platform,2026-07-15 19:28:49.138678+00:00,Add unit tests for core module in Clinical Nlp Pipeline,2,19,168,54,88,2026,7,2026-07,0,0
835,2,1,f5dd8d19,Developer Profile,dev@intelligence.platform,2026-07-15 19:39:57.132678+00:00,Refactor core module in Deep Timeseries Forecasting,2,19,175,40,65,2026,7,2026-07,0,0
1069,3,1,93d1ab9f,Developer Profile,dev@intelligence.platform,2026-07-16 22:47:05.138678+00:00,Fix bug in core module in Clinical Nlp Pipeline,3,22,93,12,94,2026,7,2026-07,0,0
1070,3,1,471cb1cf,Developer Profile,dev@intelligence.platform,2026-07-17 10:08:13.138678+00:00,Add unit tests for core module in Clinical Nlp Pipeline,4,10,180,5,155,2026,7,2026-07,0,1
1071,3,1,ab996b6b,Developer Profile,dev@intelligence.platform,2026-07-17 14:46:56.138678+00:00,Refactor core module in Clinical Nlp Pipeline,4,14,94,36,167,2026,7,2026-07,0,1
1251,4,1,943be68f,Developer Profile,dev@intelligence.platform,2026-07-17 19:11:13.141072+00:00,Refactor core module in Customer Churn Propensity Analytics,4,19,155,44,129,2026,7,2026-07,0,0
836,2,1,4cb991bf,Developer Profile,dev@intelligence.platform,2026-07-18 10:33:14.132678+00:00,Add unit tests for core module in Deep Timeseries Forecasting,5,10,67,55,223,2026,7,2026-07,1,0
400,1,1,23537634,Developer Profile,dev@intelligence.platform,2026-07-20 11:29:34.125680+00:00,Update documentation for core module in Credit Fraud Detection Engine,0,11,153,47,224,2026,7,2026-07,0,1
401,1,1,acc059a8,Developer Profile,dev@intelligence.platform,2026-07-20 16:45:56.125680+00:00,Update documentation for core module in Credit Fraud Detection Engine,0,16,164,27,15,2026,7,2026-07,0,1
837,2,1,c0fdcc98,Developer Profile,dev@intelligence.platform,2026-07-20 19:32:28.132678+00:00,Refactor core module in Deep Timeseries Forecasting,0,19,140,48,83,2026,7,2026-07,0,0
1425,5,1,4a6fdffa,Developer Profile,dev@intelligence.platform,2026-07-21 11:01:27.143646+00:00,Fix bug in core module in Sql Analytics Templates,1,11,130,41,42,2026,7,2026-07,0,1
1426,5,1,c0151ad9,Developer Profile,dev@intelligence.platform,2026-07-22 16:29:34.143646+00:00,Fix bug in core module in Sql Analytics Templates,2,16,65,8,197,2026,7,2026-07,0,1
402,1,1,45628c07,Developer Profile,dev@intelligence.platform,2026-07-22 17:10:14.125680+00:00,Implement core module in Credit Fraud Detection Engine,2,17,44,11,141,2026,7,2026-07,0,1
1427,5,1,285ae157,Developer Profile,dev@intelligence.platform,2026-07-23 14:55:44.143646+00:00,Add unit tests for core module in Sql Analytics Templates,3,14,16,10,80,2026,7,2026-07,0,1
403,1,1,3d41c75d,Developer Profile,dev@intelligence.platform,2026-07-23 17:18:29.125680+00:00,Add unit tests for core module in Credit Fraud Detection Engine,3,17,99,11,154,2026,7,2026-07,0,1
404,1,1,b9eb84ac,Developer Profile,dev@intelligence.platform,2026-07-23 21:07:32.125680+00:00,Add unit tests for core module in Credit Fraud Detection Engine,3,21,82,5,213,2026,7,2026-07,0,0
1072,3,1,15a5ebf9,Developer Profile,dev@intelligence.platform,2026-07-24 11:20:25.138678+00:00,Upgrade dependencies for core module in Clinical Nlp Pipeline,4,11,97,43,224,2026,7,2026-07,0,1
1428,5,1,e8106ece,Developer Profile,dev@intelligence.platform,2026-07-25 11:38:43.143646+00:00,Optimize core module in Sql Analytics Templates,5,11,124,48,224,2026,7,2026-07,1,0
1252,4,1,08e23bb3,Developer Profile,dev@intelligence.platform,2026-07-25 17:36:19.141072+00:00,Refactor core module in Customer Churn Propensity Analytics,5,17,104,45,181,2026,7,2026-07,1,0
405,1,1,5e240cbc,Developer Profile,dev@intelligence.platform,2026-07-25 22:50:07.125680+00:00,Refactor core module in Credit Fraud Detection Engine,5,22,140,15,223,2026,7,2026-07,1,0
838,2,1,c852e9df,Developer Profile,dev@intelligence.platform,2026-07-26 11:24:45.132678+00:00,Refactor core module in Deep Timeseries Forecasting,6,11,126,33,158,2026,7,2026-07,1,0
839,2,1,2b44a9fd,Developer Profile,dev@intelligence.platform,2026-07-26 14:25:15.132678+00:00,Refactor core module in Deep Timeseries Forecasting,6,14,75,7,71,2026,7,2026-07,1,0
840,2,1,c46c54a0,Developer Profile,dev@intelligence.platform,2026-07-27 14:59:57.132678+00:00,Add unit tests for core module in Deep Timeseries Forecasting,0,14,54,2,132,2026,7,2026-07,0,1
1253,4,1,34d8b9f8,Developer Profile,dev@intelligence.platform,2026-07-27 21:13:44.141072+00:00,Add unit tests for core module in Customer Churn Propensity Analytics,0,21,138,53,99,2026,7,2026-07,0,0
841,2,1,b8d35d1b,Developer Profile,dev@intelligence.platform,2026-07-28 14:21:13.132678+00:00,Refactor core module in Deep Timeseries Forecasting,1,14,59,8,86,2026,7,2026-07,0,1
1429,5,1,bf18889e,Developer Profile,dev@intelligence.platform,2026-07-28 14:43:13.143646+00:00,Update documentation for core module in Sql Analytics Templates,1,14,95,42,127,2026,7,2026-07,0,1
1073,3,1,8fd83a8e,Developer Profile,dev@intelligence.platform,2026-07-28 22:56:32.138678+00:00,Implement core module in Clinical Nlp Pipeline,1,22,153,36,61,2026,7,2026-07,0,0
1430,5,1,3773e003,Developer Profile,dev@intelligence.platform,2026-08-02 10:45:55.143646+00:00,Optimize core module in Sql Analytics Templates,6,10,75,35,195,2026,8,2026-08,1,0
1254,4,1,a959dfb2,Developer Profile,dev@intelligence.platform,2026-08-02 17:24:59.141072+00:00,Upgrade dependencies for core module in Customer Churn Propensity Analytics,6,17,169,32,240,2026,8,2026-08,1,0
1255,4,1,13b07f8c,Developer Profile,dev@intelligence.platform,2026-08-03 19:03:24.141072+00:00,Add unit tests for core module in Customer Churn Propensity Analytics,0,19,162,52,193,2026,8,2026-08,0,0
842,2,1,c389a2ea,Developer Profile,dev@intelligence.platform,2026-08-03 21:24:20.132678+00:00,Benchmark core module in Deep Timeseries Forecasting,0,21,74,37,203,2026,8,2026-08,0,0
843,2,1,5a833b4e,Developer Profile,dev@intelligence.platform,2026-08-03 22:25:28.132678+00:00,Fix bug in core module in Deep Timeseries Forecasting,0,22,163,35,237,2026,8,2026-08,0,0
1431,5,1,3068b214,Developer Profile,dev@intelligence.platform,2026-08-04 14:17:51.143646+00:00,Add unit tests for core module in Sql Analytics Templates,1,14,87,32,31,2026,8,2026-08,0,1
1432,5,1,286d66d0,Developer Profile,dev@intelligence.platform,2026-08-04 17:28:12.143646+00:00,Upgrade dependencies for core module in Sql Analytics Templates,1,17,132,29,168,2026,8,2026-08,0,1
1433,5,1,32f6c924,Developer Profile,dev@intelligence.platform,2026-08-04 19:01:49.143646+00:00,Refactor core module in Sql Analytics Templates,1,19,159,48,189,2026,8,2026-08,0,0
1074,3,1,39e6c5aa,Developer Profile,dev@intelligence.platform,2026-08-06 10:32:37.138678+00:00,Implement core module in Clinical Nlp Pipeline,3,10,138,59,168,2026,8,2026-08,0,1
406,1,1,e2c90d92,Developer Profile,dev@intelligence.platform,2026-08-08 09:20:59.125680+00:00,Upgrade dependencies for core module in Credit Fraud Detection Engine,5,9,22,4,84,2026,8,2026-08,1,0
844,2,1,e7ee5d32,Developer Profile,dev@intelligence.platform,2026-08-08 11:38:55.132678+00:00,Refactor core module in Deep Timeseries Forecasting,5,11,152,2,27,2026,8,2026-08,1,0
1434,5,1,05313473,Developer Profile,dev@intelligence.platform,2026-08-08 15:41:41.143646+00:00,Fix bug in core module in Sql Analytics Templates,5,15,149,3,25,2026,8,2026-08,1,0
1075,3,1,af93e232,Developer Profile,dev@intelligence.platform,2026-08-09 09:01:44.138678+00:00,Upgrade dependencies for core module in Clinical Nlp Pipeline,6,9,12,2,114,2026,8,2026-08,1,0
845,2,1,1ab677cf,Developer Profile,dev@intelligence.platform,2026-08-09 09:46:29.132678+00:00,Optimize core module in Deep Timeseries Forecasting,6,9,136,42,48,2026,8,2026-08,1,0
1256,4,1,0a24f758,Developer Profile,dev@intelligence.platform,2026-08-09 15:39:45.141072+00:00,Benchmark core module in Customer Churn Propensity Analytics,6,15,22,51,106,2026,8,2026-08,1,0
1257,4,1,e717447d,Developer Profile,dev@intelligence.platform,2026-08-09 16:23:29.141072+00:00,Fix bug in core module in Customer Churn Propensity Analytics,6,16,155,56,118,2026,8,2026-08,1,0
407,1,1,b6a49322,Developer Profile,dev@intelligence.platform,2026-08-10 17:14:52.125680+00:00,Fix bug in core module in Credit Fraud Detection Engine,0,17,180,44,38,2026,8,2026-08,0,1
408,1,1,25a5b4f3,Developer Profile,dev@intelligence.platform,2026-08-10 17:54:19.125680+00:00,Optimize core module in Credit Fraud Detection Engine,0,17,116,16,144,2026,8,2026-08,0,1
846,2,1,ec9bd4d3,Developer Profile,dev@intelligence.platform,2026-08-11 22:10:16.132678+00:00,Fix bug in core module in Deep Timeseries Forecasting,1,22,61,8,181,2026,8,2026-08,0,0
1076,3,1,33c20300,Developer Profile,dev@intelligence.platform,2026-08-13 11:06:39.138678+00:00,Fix bug in core module in Clinical Nlp Pipeline,3,11,26,10,223,2026,8,2026-08,0,1
409,1,1,2cfd53c1,Developer Profile,dev@intelligence.platform,2026-08-13 11:24:33.125680+00:00,Benchmark core module in Credit Fraud Detection Engine,3,11,128,30,144,2026,8,2026-08,0,1
1258,4,1,e696e3d0,Developer Profile,dev@intelligence.platform,2026-08-13 14:35:07.141072+00:00,Update documentation for core module in Customer Churn Propensity Analytics,3,14,82,33,54,2026,8,2026-08,0,1
1077,3,1,fbe5ab48,Developer Profile,dev@intelligence.platform,2026-08-13 16:44:39.138678+00:00,Add unit tests for core module in Clinical Nlp Pipeline,3,16,33,12,108,2026,8,2026-08,0,1
410,1,1,a33747e1,Developer Profile,dev@intelligence.platform,2026-08-14 14:50:20.125680+00:00,Optimize core module in Credit Fraud Detection Engine,4,14,174,49,168,2026,8,2026-08,0,1
847,2,1,b40aee36,Developer Profile,dev@intelligence.platform,2026-08-14 16:18:49.132678+00:00,Implement core module in Deep Timeseries Forecasting,4,16,14,47,49,2026,8,2026-08,0,1
848,2,1,3356f20b,Developer Profile,dev@intelligence.platform,2026-08-15 22:40:35.132678+00:00,Refactor core module in Deep Timeseries Forecasting,5,22,89,56,21,2026,8,2026-08,1,0
411,1,1,f236b72b,Developer Profile,dev@intelligence.platform,2026-08-16 09:39:30.125680+00:00,Refactor core module in Credit Fraud Detection Engine,6,9,130,55,172,2026,8,2026-08,1,0
412,1,1,15d3448c,Developer Profile,dev@intelligence.platform,2026-08-16 10:55:44.125680+00:00,Fix bug in core module in Credit Fraud Detection Engine,6,10,113,2,122,2026,8,2026-08,1,0
849,2,1,85548cac,Developer Profile,dev@intelligence.platform,2026-08-16 19:25:42.132678+00:00,Refactor core module in Deep Timeseries Forecasting,6,19,16,13,228,2026,8,2026-08,1,0
1078,3,1,e5e909d3,Developer Profile,dev@intelligence.platform,2026-08-17 09:17:43.138678+00:00,Optimize core module in Clinical Nlp Pipeline,0,9,76,16,45,2026,8,2026-08,0,1
850,2,1,6fe2494e,Developer Profile,dev@intelligence.platform,2026-08-17 16:16:27.132678+00:00,Upgrade dependencies for core module in Deep Timeseries Forecasting,0,16,54,42,84,2026,8,2026-08,0,1
1079,3,1,a64ea4ae,Developer Profile,dev@intelligence.platform,2026-08-18 19:26:22.138678+00:00,Optimize core module in Clinical Nlp Pipeline,1,19,32,49,203,2026,8,2026-08,0,0
1259,4,1,0d3b8f63,Developer Profile,dev@intelligence.platform,2026-08-19 10:10:11.141072+00:00,Implement core module in Customer Churn Propensity Analytics,2,10,76,34,84,2026,8,2026-08,0,1
1080,3,1,ff18db78,Developer Profile,dev@intelligence.platform,2026-08-19 15:04:45.138678+00:00,Upgrade dependencies for core module in Clinical Nlp Pipeline,2,15,121,19,183,2026,8,2026-08,0,1
1435,5,1,900f82bb,Developer Profile,dev@intelligence.platform,2026-08-19 15:06:32.143646+00:00,Update documentation for core module in Sql Analytics Templates,2,15,146,3,37,2026,8,2026-08,0,1
1081,3,1,b709976e,Developer Profile,dev@intelligence.platform,2026-08-19 16:37:46.138678+00:00,Upgrade dependencies for core module in Clinical Nlp Pipeline,2,16,65,39,204,2026,8,2026-08,0,1
1260,4,1,b9e35fd6,Developer Profile,dev@intelligence.platform,2026-08-20 15:44:21.141072+00:00,Fix bug in core module in Customer Churn Propensity Analytics,3,15,94,32,120,2026,8,2026-08,0,1
1261,4,1,0cd98ff4,Developer Profile,dev@intelligence.platform,2026-08-20 16:04:50.141072+00:00,Optimize core module in Customer Churn Propensity Analytics,3,16,12,34,192,2026,8,2026-08,0,1
1262,4,1,b5340a4a,Developer Profile,dev@intelligence.platform,2026-08-20 16:19:23.141072+00:00,Add unit tests for core module in Customer Churn Propensity Analytics,3,16,138,8,24,2026,8,2026-08,0,1
1436,5,1,bea63614,Developer Profile,dev@intelligence.platform,2026-08-20 19:16:48.143646+00:00,Optimize core module in Sql Analytics Templates,3,19,115,7,231,2026,8,2026-08,0,0
851,2,1,5a42133f,Developer Profile,dev@intelligence.platform,2026-08-21 21:24:37.132678+00:00,Implement core module in Deep Timeseries Forecasting,4,21,30,35,155,2026,8,2026-08,0,0
1437,5,1,2c084238,Developer Profile,dev@intelligence.platform,2026-08-22 10:55:45.143646+00:00,Benchmark core module in Sql Analytics Templates,5,10,119,33,220,2026,8,2026-08,1,0
1082,3,1,73dddbd2,Developer Profile,dev@intelligence.platform,2026-08-22 14:12:04.138678+00:00,Fix bug in core module in Clinical Nlp Pipeline,5,14,83,25,39,2026,8,2026-08,1,0
413,1,1,93499373,Developer Profile,dev@intelligence.platform,2026-08-23 09:30:57.125680+00:00,Refactor core module in Credit Fraud Detection Engine,6,9,43,50,193,2026,8,2026-08,1,0
1438,5,1,20ce726e,Developer Profile,dev@intelligence.platform,2026-08-23 22:59:51.143646+00:00,Implement core module in Sql Analytics Templates,6,22,141,12,177,2026,8,2026-08,1,0
1083,3,1,eb8a9304,Developer Profile,dev@intelligence.platform,2026-08-25 19:49:50.138678+00:00,Fix bug in core module in Clinical Nlp Pipeline,1,19,139,19,28,2026,8,2026-08,0,0
1084,3,1,453c648a,Developer Profile,dev@intelligence.platform,2026-08-26 14:34:09.138678+00:00,Refactor core module in Clinical Nlp Pipeline,2,14,89,53,116,2026,8,2026-08,0,1
852,2,1,5271dba0,Developer Profile,dev@intelligence.platform,2026-08-27 09:13:38.132678+00:00,Fix bug in core module in Deep Timeseries Forecasting,3,9,31,19,22,2026,8,2026-08,0,1
853,2,1,994b86d2,Developer Profile,dev@intelligence.platform,2026-08-27 21:00:07.132678+00:00,Update documentation for core module in Deep Timeseries Forecasting,3,21,163,29,37,2026,8,2026-08,0,0
1085,3,1,37c09004,Developer Profile,dev@intelligence.platform,2026-08-28 10:24:54.138678+00:00,Benchmark core module in Clinical Nlp Pipeline,4,10,141,23,139,2026,8,2026-08,0,1
1263,4,1,4f043dbe,Developer Profile,dev@intelligence.platform,2026-08-28 19:13:18.141072+00:00,Optimize core module in Customer Churn Propensity Analytics,4,19,42,52,220,2026,8,2026-08,0,0
414,1,1,f1f0bbb0,Developer Profile,dev@intelligence.platform,2026-09-01 09:06:50.125680+00:00,Fix bug in core module in Credit Fraud Detection Engine,1,9,90,17,65,2026,9,2026-09,0,1
854,2,1,f7ed445c,Developer Profile,dev@intelligence.platform,2026-09-01 10:16:22.132678+00:00,Implement core module in Deep Timeseries Forecasting,1,10,160,60,192,2026,9,2026-09,0,1
1439,5,1,55bfcf17,Developer Profile,dev@intelligence.platform,2026-09-01 14:22:36.143646+00:00,Implement core module in Sql Analytics Templates,1,14,63,30,216,2026,9,2026-09,0,1
1440,5,1,b620beb1,Developer Profile,dev@intelligence.platform,2026-09-01 15:21:05.143646+00:00,Implement core module in Sql Analytics Templates,1,15,88,27,37,2026,9,2026-09,0,1
855,2,1,66d5b00f,Developer Profile,dev@intelligence.platform,2026-09-01 17:08:03.132678+00:00,Fix bug in core module in Deep Timeseries Forecasting,1,17,149,30,173,2026,9,2026-09,0,1
1441,5,1,4e6f43fb,Developer Profile,dev@intelligence.platform,2026-09-03 17:59:17.143646+00:00,Optimize core module in Sql Analytics Templates,3,17,122,37,46,2026,9,2026-09,0,1
1086,3,1,3ecba296,Developer Profile,dev@intelligence.platform,2026-09-03 19:27:44.138678+00:00,Benchmark core module in Clinical Nlp Pipeline,3,19,103,17,163,2026,9,2026-09,0,0
856,2,1,d4ef2252,Developer Profile,dev@intelligence.platform,2026-09-03 22:03:59.132678+00:00,Fix bug in core module in Deep Timeseries Forecasting,3,22,72,3,239,2026,9,2026-09,0,0
1087,3,1,b5137c24,Developer Profile,dev@intelligence.platform,2026-09-04 15:17:07.138678+00:00,Benchmark core module in Clinical Nlp Pipeline,4,15,141,45,209,2026,9,2026-09,0,1
857,2,1,e7abf604,Developer Profile,dev@intelligence.platform,2026-09-04 21:05:29.132678+00:00,Refactor core module in Deep Timeseries Forecasting,4,21,135,47,28,2026,9,2026-09,0,0
1088,3,1,ce885cf7,Developer Profile,dev@intelligence.platform,2026-09-05 10:00:44.138678+00:00,Benchmark core module in Clinical Nlp Pipeline,5,10,124,46,71,2026,9,2026-09,1,0
1442,5,1,fe88ed18,Developer Profile,dev@intelligence.platform,2026-09-05 19:59:03.143646+00:00,Update documentation for core module in Sql Analytics Templates,5,19,39,9,44,2026,9,2026-09,1,0
1089,3,1,2ca84d38,Developer Profile,dev@intelligence.platform,2026-09-06 19:27:31.138678+00:00,Upgrade dependencies for core module in Clinical Nlp Pipeline,6,19,98,18,187,2026,9,2026-09,1,0
1443,5,1,0f424d4d,Developer Profile,dev@intelligence.platform,2026-09-06 22:08:41.143646+00:00,Fix bug in core module in Sql Analytics Templates,6,22,33,2,148,2026,9,2026-09,1,0
858,2,1,37f0f83d,Developer Profile,dev@intelligence.platform,2026-09-07 09:39:04.132678+00:00,Benchmark core module in Deep Timeseries Forecasting,0,9,109,43,142,2026,9,2026-09,0,1
1444,5,1,89cf0e8f,Developer Profile,dev@intelligence.platform,2026-09-07 10:09:05.143646+00:00,Benchmark core module in Sql Analytics Templates,0,10,70,7,46,2026,9,2026-09,0,1
1090,3,1,c4e4c1de,Developer Profile,dev@intelligence.platform,2026-09-07 16:21:07.138678+00:00,Optimize core module in Clinical Nlp Pipeline,0,16,97,5,120,2026,9,2026-09,0,1
1264,4,1,f1bfa31e,Developer Profile,dev@intelligence.platform,2026-09-08 16:19:59.141072+00:00,Benchmark core module in Customer Churn Propensity Analytics,1,16,55,50,223,2026,9,2026-09,0,1
1091,3,1,c95e6339,Developer Profile,dev@intelligence.platform,2026-09-08 16:30:28.138678+00:00,Update documentation for core module in Clinical Nlp Pipeline,1,16,137,60,169,2026,9,2026-09,0,1
415,1,1,a08ff979,Developer Profile,dev@intelligence.platform,2026-09-08 17:09:02.125680+00:00,Optimize core module in Credit Fraud Detection Engine,1,17,118,57,230,2026,9,2026-09,0,1
859,2,1,d5ab417f,Developer Profile,dev@intelligence.platform,2026-09-08 17:20:04.132678+00:00,Implement core module in Deep Timeseries Forecasting,1,17,60,39,236,2026,9,2026-09,0,1
1092,3,1,1b93f74b,Developer Profile,dev@intelligence.platform,2026-09-08 21:08:19.138678+00:00,Update documentation for core module in Clinical Nlp Pipeline,1,21,135,5,229,2026,9,2026-09,0,0
1093,3,1,f2422bee,Developer Profile,dev@intelligence.platform,2026-09-09 11:54:16.138678+00:00,Add unit tests for core module in Clinical Nlp Pipeline,2,11,18,59,22,2026,9,2026-09,0,1
1445,5,1,7c0d212b,Developer Profile,dev@intelligence.platform,2026-09-09 16:50:30.143646+00:00,Update documentation for core module in Sql Analytics Templates,2,16,20,51,21,2026,9,2026-09,0,1
416,1,1,4630e7af,Developer Profile,dev@intelligence.platform,2026-09-09 21:07:11.125680+00:00,Add unit tests for core module in Credit Fraud Detection Engine,2,21,174,49,125,2026,9,2026-09,0,0
417,1,1,b4467bda,Developer Profile,dev@intelligence.platform,2026-09-11 22:45:02.125680+00:00,Optimize core module in Credit Fraud Detection Engine,4,22,129,34,195,2026,9,2026-09,0,0
860,2,1,a82fdf28,Developer Profile,dev@intelligence.platform,2026-09-12 09:40:05.132678+00:00,Refactor core module in Deep Timeseries Forecasting,5,9,47,56,164,2026,9,2026-09,1,0
418,1,1,4d8e89a8,Developer Profile,dev@intelligence.platform,2026-09-12 15:51:54.125680+00:00,Optimize core module in Credit Fraud Detection Engine,5,15,157,33,36,2026,9,2026-09,1,0
1446,5,1,bfefa6b0,Developer Profile,dev@intelligence.platform,2026-09-12 17:32:23.143646+00:00,Optimize core module in Sql Analytics Templates,5,17,106,4,210,2026,9,2026-09,1,0
1447,5,1,59609111,Developer Profile,dev@intelligence.platform,2026-09-13 15:11:10.143646+00:00,Upgrade dependencies for core module in Sql Analytics Templates,6,15,69,56,99,2026,9,2026-09,1,0
419,1,1,f5509c8f,Developer Profile,dev@intelligence.platform,2026-09-13 21:01:04.125680+00:00,Update documentation for core module in Credit Fraud Detection Engine,6,21,29,47,77,2026,9,2026-09,1,0
420,1,1,08d7c8d1,Developer Profile,dev@intelligence.platform,2026-09-13 21:07:52.125680+00:00,Add unit tests for core module in Credit Fraud Detection Engine,6,21,43,13,165,2026,9,2026-09,1,0
421,1,1,619b2f99,Developer Profile,dev@intelligence.platform,2026-09-15 09:16:30.125680+00:00,Benchmark core module in Credit Fraud Detection Engine,1,9,17,40,33,2026,9,2026-09,0,1
1448,5,1,3939accd,Developer Profile,dev@intelligence.platform,2026-09-15 09:43:56.143646+00:00,Upgrade dependencies for core module in Sql Analytics Templates,1,9,134,22,206,2026,9,2026-09,0,1
861,2,1,b11f0252,Developer Profile,dev@intelligence.platform,2026-09-15 16:22:18.132678+00:00,Benchmark core module in Deep Timeseries Forecasting,1,16,40,14,97,2026,9,2026-09,0,1
422,1,1,81403a23,Developer Profile,dev@intelligence.platform,2026-09-15 16:47:45.125680+00:00,Refactor core module in Credit Fraud Detection Engine,1,16,164,52,23,2026,9,2026-09,0,1
1265,4,1,e47e6d7e,Developer Profile,dev@intelligence.platform,2026-09-15 21:41:03.141072+00:00,Upgrade dependencies for core module in Customer Churn Propensity Analytics,1,21,131,40,67,2026,9,2026-09,0,0
1094,3,1,926e36ce,Developer Profile,dev@intelligence.platform,2026-09-16 11:26:02.138678+00:00,Implement core module in Clinical Nlp Pipeline,2,11,29,35,158,2026,9,2026-09,0,1
423,1,1,d1a71f74,Developer Profile,dev@intelligence.platform,2026-09-16 14:46:44.125680+00:00,Benchmark core module in Credit Fraud Detection Engine,2,14,25,34,45,2026,9,2026-09,0,1
1449,5,1,3f9d92ff,Developer Profile,dev@intelligence.platform,2026-09-16 15:18:27.143646+00:00,Benchmark core module in Sql Analytics Templates,2,15,71,20,39,2026,9,2026-09,0,1
862,2,1,5390f553,Developer Profile,dev@intelligence.platform,2026-09-16 22:35:31.132678+00:00,Benchmark core module in Deep Timeseries Forecasting,2,22,58,45,195,2026,9,2026-09,0,0
424,1,1,860d01c1,Developer Profile,dev@intelligence.platform,2026-09-16 22:48:40.125680+00:00,Benchmark core module in Credit Fraud Detection Engine,2,22,36,17,111,2026,9,2026-09,0,0
1095,3,1,d7106b25,Developer Profile,dev@intelligence.platform,2026-09-17 15:24:18.138678+00:00,Update documentation for core module in Clinical Nlp Pipeline,3,15,54,45,109,2026,9,2026-09,0,1
863,2,1,36e66772,Developer Profile,dev@intelligence.platform,2026-09-17 19:50:56.132678+00:00,Update documentation for core module in Deep Timeseries Forecasting,3,19,10,7,65,2026,9,2026-09,0,0
1450,5,1,f14b897f,Developer Profile,dev@intelligence.platform,2026-09-18 15:20:39.143646+00:00,Optimize core module in Sql Analytics Templates,4,15,138,15,228,2026,9,2026-09,0,1
425,1,1,41e57940,Developer Profile,dev@intelligence.platform,2026-09-18 17:15:27.125680+00:00,Add unit tests for core module in Credit Fraud Detection Engine,4,17,19,44,170,2026,9,2026-09,0,1
426,1,1,7f05886c,Developer Profile,dev@intelligence.platform,2026-09-18 22:18:27.125680+00:00,Add unit tests for core module in Credit Fraud Detection Engine,4,22,80,24,87,2026,9,2026-09,0,0
864,2,1,16543e8a,Developer Profile,dev@intelligence.platform,2026-09-19 17:10:42.132678+00:00,Fix bug in core module in Deep Timeseries Forecasting,5,17,164,28,117,2026,9,2026-09,1,0
865,2,1,cbb8a70f,Developer Profile,dev@intelligence.platform,2026-09-20 11:14:23.132678+00:00,Update documentation for core module in Deep Timeseries Forecasting,6,11,63,25,237,2026,9,2026-09,1,0
427,1,1,4844f68e,Developer Profile,dev@intelligence.platform,2026-09-21 09:10:06.125680+00:00,Refactor core module in Credit Fraud Detection Engine,0,9,81,5,90,2026,9,2026-09,0,1
866,2,1,67536b28,Developer Profile,dev@intelligence.platform,2026-09-21 09:32:20.132678+00:00,Optimize core module in Deep Timeseries Forecasting,0,9,36,56,106,2026,9,2026-09,0,1
867,2,1,2df422a4,Developer Profile,dev@intelligence.platform,2026-09-21 11:33:46.132678+00:00,Refactor core module in Deep Timeseries Forecasting,0,11,119,52,39,2026,9,2026-09,0,1
868,2,1,84826a76,Developer Profile,dev@intelligence.platform,2026-09-21 14:02:31.132678+00:00,Add unit tests for core module in Deep Timeseries Forecasting,0,14,80,34,69,2026,9,2026-09,0,1
869,2,1,2ab5345b,Developer Profile,dev@intelligence.platform,2026-09-21 16:59:35.132678+00:00,Upgrade dependencies for core module in Deep Timeseries Forecasting,0,16,95,16,183,2026,9,2026-09,0,1
428,1,1,ea046d5b,Developer Profile,dev@intelligence.platform,2026-09-21 19:05:19.125680+00:00,Update documentation for core module in Credit Fraud Detection Engine,0,19,49,8,67,2026,9,2026-09,0,0
429,1,1,d5547095,Developer Profile,dev@intelligence.platform,2026-09-22 11:11:41.125680+00:00,Refactor core module in Credit Fraud Detection Engine,1,11,144,15,24,2026,9,2026-09,0,1
870,2,1,dd259201,Developer Profile,dev@intelligence.platform,2026-09-22 11:34:17.132678+00:00,Optimize core module in Deep Timeseries Forecasting,1,11,159,60,159,2026,9,2026-09,0,1
430,1,1,ee01c390,Developer Profile,dev@intelligence.platform,2026-09-22 19:48:20.125680+00:00,Refactor core module in Credit Fraud Detection Engine,1,19,120,38,36,2026,9,2026-09,0,0
871,2,1,60020b57,Developer Profile,dev@intelligence.platform,2026-09-22 21:06:22.132678+00:00,Update documentation for core module in Deep Timeseries Forecasting,1,21,68,42,209,2026,9,2026-09,0,0
872,2,1,68b1520e,Developer Profile,dev@intelligence.platform,2026-09-23 17:49:30.132678+00:00,Optimize core module in Deep Timeseries Forecasting,2,17,122,24,83,2026,9,2026-09,0,1
873,2,1,d20ecddf,Developer Profile,dev@intelligence.platform,2026-09-24 16:49:39.132678+00:00,Upgrade dependencies for core module in Deep Timeseries Forecasting,3,16,87,16,48,2026,9,2026-09,0,1
431,1,1,586a8a4e,Developer Profile,dev@intelligence.platform,2026-09-25 15:07:20.125680+00:00,Benchmark core module in Credit Fraud Detection Engine,4,15,22,12,176,2026,9,2026-09,0,1
1266,4,1,c88c23af,Developer Profile,dev@intelligence.platform,2026-09-25 15:40:19.141072+00:00,Upgrade dependencies for core module in Customer Churn Propensity Analytics,4,15,45,50,106,2026,9,2026-09,0,1
432,1,1,46a1d273,Developer Profile,dev@intelligence.platform,2026-09-26 10:05:45.125680+00:00,Optimize core module in Credit Fraud Detection Engine,5,10,106,31,60,2026,9,2026-09,1,0
1451,5,1,43c78d09,Developer Profile,dev@intelligence.platform,2026-09-26 10:57:07.143646+00:00,Upgrade dependencies for core module in Sql Analytics Templates,5,10,22,14,26,2026,9,2026-09,1,0
874,2,1,0e4c25b2,Developer Profile,dev@intelligence.platform,2026-09-26 11:36:28.132678+00:00,Implement core module in Deep Timeseries Forecasting,5,11,136,26,67,2026,9,2026-09,1,0
875,2,1,d9e7f608,Developer Profile,dev@intelligence.platform,2026-09-26 14:19:38.132678+00:00,Upgrade dependencies for core module in Deep Timeseries Forecasting,5,14,43,17,218,2026,9,2026-09,1,0
876,2,1,3aac1dbb,Developer Profile,dev@intelligence.platform,2026-09-26 19:57:31.132678+00:00,Update documentation for core module in Deep Timeseries Forecasting,5,19,175,6,126,2026,9,2026-09,1,0
877,2,1,32a160ef,Developer Profile,dev@intelligence.platform,2026-09-26 21:13:10.132678+00:00,Optimize core module in Deep Timeseries Forecasting,5,21,99,43,15,2026,9,2026-09,1,0
433,1,1,66871aa1,Developer Profile,dev@intelligence.platform,2026-09-27 14:50:54.125680+00:00,Update documentation for core module in Credit Fraud Detection Engine,6,14,33,17,30,2026,9,2026-09,1,0
434,1,1,db78f16b,Developer Profile,dev@intelligence.platform,2026-09-27 16:04:15.125680+00:00,Refactor core module in Credit Fraud Detection Engine,6,16,53,45,44,2026,9,2026-09,1,0
878,2,1,12a0fa2d,Developer Profile,dev@intelligence.platform,2026-09-27 16:36:18.132678+00:00,Refactor core module in Deep Timeseries Forecasting,6,16,64,30,195,2026,9,2026-09,1,0
435,1,1,1596dcb6,Developer Profile,dev@intelligence.platform,2026-09-27 16:51:28.125680+00:00,Optimize core module in Credit Fraud Detection Engine,6,16,167,44,32,2026,9,2026-09,1,0
436,1,1,bf3fb81a,Developer Profile,dev@intelligence.platform,2026-09-27 21:58:44.125680+00:00,Add unit tests for core module in Credit Fraud Detection Engine,6,21,59,35,17,2026,9,2026-09,1,0
1452,5,1,2789eefe,Developer Profile,dev@intelligence.platform,2026-09-28 09:13:19.143646+00:00,Upgrade dependencies for core module in Sql Analytics Templates,0,9,107,34,77,2026,9,2026-09,0,1
437,1,1,2b3d9788,Developer Profile,dev@intelligence.platform,2026-09-28 11:03:30.125680+00:00,Optimize core module in Credit Fraud Detection Engine,0,11,135,9,132,2026,9,2026-09,0,1
438,1,1,b7097f25,Developer Profile,dev@intelligence.platform,2026-09-28 14:18:19.125680+00:00,Implement core module in Credit Fraud Detection Engine,0,14,153,55,142,2026,9,2026-09,0,1
